case_id,activity,timestamp,amount,resource
PO-00001,Create,2026-01-01T01:00:00+00:00,637,Procurement
PO-00001,Approve,2026-01-01T03:15:00+00:00,637,Finance
PO-00001,Pay,2026-01-01T04:30:00+00:00,637,AP
PO-00002,Create,2026-01-01T02:00:00+00:00,774,Procurement
PO-00002,Approve,2026-01-01T05:15:00+00:00,774,Finance
PO-00002,Pay,2026-01-01T06:30:00+00:00,774,AP
PO-00003,Create,2026-01-01T03:00:00+00:00,911,Procurement
PO-00003,Approve,2026-01-01T07:15:00+00:00,911,Finance
PO-00003,Pay,2026-01-01T08:30:00+00:00,911,AP
PO-00004,Create,2026-01-01T04:00:00+00:00,1048,Procurement
PO-00004,Approve,2026-01-01T09:15:00+00:00,1048,Finance
PO-00004,Pay,2026-01-01T10:30:00+00:00,1048,AP
PO-00005,Create,2026-01-01T05:00:00+00:00,1185,Procurement
PO-00005,Approve,2026-01-01T11:15:00+00:00,1185,Finance
PO-00005,Pay,2026-01-01T12:30:00+00:00,1185,AP
PO-00006,Create,2026-01-01T06:00:00+00:00,1322,Procurement
PO-00006,Approve,2026-01-01T13:15:00+00:00,1322,Finance
PO-00006,Pay,2026-01-01T14:30:00+00:00,1322,AP
PO-00007,Create,2026-01-01T07:00:00+00:00,1459,Procurement
PO-00007,Approve,2026-01-01T15:15:00+00:00,1459,Finance
PO-00007,Approve,2026-01-01T15:30:00+00:00,1459,AP
PO-00007,Pay,2026-01-01T16:45:00+00:00,1459,Finance
PO-00008,Create,2026-01-01T08:00:00+00:00,1596,Procurement
PO-00008,Approve,2026-01-01T17:15:00+00:00,1596,Finance
PO-00008,Pay,2026-01-01T18:30:00+00:00,1596,AP
PO-00009,Create,2026-01-01T09:00:00+00:00,1733,Procurement
PO-00009,Approve,2026-01-01T19:15:00+00:00,1733,Finance
PO-00009,Pay,2026-01-01T20:30:00+00:00,1733,AP
PO-00010,Create,2026-01-01T10:00:00+00:00,1870,Procurement
PO-00010,Approve,2026-01-01T21:15:00+00:00,1870,Finance
PO-00010,Pay,2026-01-01T22:30:00+00:00,1870,AP
PO-00011,Create,2026-01-01T11:00:00+00:00,2007,Procurement
PO-00011,Approve,2026-01-01T23:15:00+00:00,2007,Finance
PO-00011,Pay,2026-01-02T00:30:00+00:00,2007,AP
PO-00012,Create,2026-01-01T12:00:00+00:00,2144,Procurement
PO-00012,Approve,2026-01-02T01:15:00+00:00,2144,Finance
PO-00012,Pay,2026-01-02T02:30:00+00:00,2144,AP
PO-00013,Create,2026-01-01T13:00:00+00:00,2281,Procurement
PO-00013,Approve,2026-01-02T03:15:00+00:00,2281,Finance
PO-00013,Pay,2026-01-02T04:30:00+00:00,2281,AP
PO-00014,Create,2026-01-01T14:00:00+00:00,2418,Procurement
PO-00014,Approve,2026-01-02T05:15:00+00:00,2418,Finance
PO-00014,Approve,2026-01-02T05:30:00+00:00,2418,AP
PO-00014,Pay,2026-01-02T06:45:00+00:00,2418,Finance
PO-00015,Create,2026-01-01T15:00:00+00:00,2555,Procurement
PO-00015,Approve,2026-01-02T07:15:00+00:00,2555,Finance
PO-00015,Pay,2026-01-02T08:30:00+00:00,2555,AP
PO-00016,Create,2026-01-01T16:00:00+00:00,2692,Procurement
PO-00016,Approve,2026-01-02T09:15:00+00:00,2692,Finance
PO-00016,Pay,2026-01-02T10:30:00+00:00,2692,AP
PO-00017,Create,2026-01-01T17:00:00+00:00,2829,Procurement
PO-00017,Approve,2026-01-02T11:15:00+00:00,2829,Finance
PO-00017,Pay,2026-01-02T12:30:00+00:00,2829,AP
PO-00018,Create,2026-01-01T18:00:00+00:00,2966,Procurement
PO-00018,Approve,2026-01-02T13:15:00+00:00,2966,Finance
PO-00018,Pay,2026-01-02T14:30:00+00:00,2966,AP
PO-00019,Create,2026-01-01T19:00:00+00:00,3103,Procurement
PO-00019,Approve,2026-01-02T15:15:00+00:00,3103,Finance
PO-00019,Pay,2026-01-02T16:30:00+00:00,3103,AP
PO-00020,Create,2026-01-01T20:00:00+00:00,3240,Procurement
PO-00020,Approve,2026-01-02T17:15:00+00:00,3240,Finance
PO-00020,Pay,2026-01-02T18:30:00+00:00,3240,AP
PO-00021,Create,2026-01-01T21:00:00+00:00,3377,Procurement
PO-00021,Approve,2026-01-02T19:15:00+00:00,3377,Finance
PO-00021,Approve,2026-01-02T19:30:00+00:00,3377,AP
PO-00021,Pay,2026-01-02T20:45:00+00:00,3377,Finance
PO-00022,Create,2026-01-01T22:00:00+00:00,3514,Procurement
PO-00022,Approve,2026-01-02T21:15:00+00:00,3514,Finance
PO-00022,Pay,2026-01-02T22:30:00+00:00,3514,AP
PO-00023,Create,2026-01-01T23:00:00+00:00,3651,Procurement
PO-00023,Approve,2026-01-02T23:15:00+00:00,3651,Finance
PO-00023,Pay,2026-01-03T00:30:00+00:00,3651,AP
PO-00024,Create,2026-01-02T00:00:00+00:00,3788,Procurement
PO-00024,Approve,2026-01-02T01:15:00+00:00,3788,Finance
PO-00024,Pay,2026-01-03T02:30:00+00:00,3788,AP
PO-00025,Create,2026-01-02T01:00:00+00:00,3925,Procurement
PO-00025,Approve,2026-01-02T03:15:00+00:00,3925,Finance
PO-00025,Pay,2026-01-03T04:30:00+00:00,3925,AP
PO-00026,Create,2026-01-02T02:00:00+00:00,4062,Procurement
PO-00026,Approve,2026-01-02T05:15:00+00:00,4062,Finance
PO-00026,Pay,2026-01-03T06:30:00+00:00,4062,AP
PO-00027,Create,2026-01-02T03:00:00+00:00,4199,Procurement
PO-00027,Approve,2026-01-02T07:15:00+00:00,4199,Finance
PO-00027,Pay,2026-01-03T08:30:00+00:00,4199,AP
PO-00028,Create,2026-01-02T04:00:00+00:00,4336,Procurement
PO-00028,Approve,2026-01-02T09:15:00+00:00,4336,Finance
PO-00028,Approve,2026-01-02T09:30:00+00:00,4336,AP
PO-00028,Pay,2026-01-03T10:45:00+00:00,4336,Finance
PO-00029,Create,2026-01-02T05:00:00+00:00,4473,Procurement
PO-00029,Approve,2026-01-02T11:15:00+00:00,4473,Finance
PO-00029,Pay,2026-01-03T12:30:00+00:00,4473,AP
PO-00030,Create,2026-01-02T06:00:00+00:00,4610,Procurement
PO-00030,Approve,2026-01-02T13:15:00+00:00,4610,Finance
PO-00030,Pay,2026-01-03T14:30:00+00:00,4610,AP
PO-00031,Create,2026-01-02T07:00:00+00:00,4747,Procurement
PO-00031,Approve,2026-01-02T15:15:00+00:00,4747,Finance
PO-00031,Pay,2026-01-03T16:30:00+00:00,4747,AP
PO-00032,Create,2026-01-02T08:00:00+00:00,4884,Procurement
PO-00032,Approve,2026-01-02T17:15:00+00:00,4884,Finance
PO-00032,Pay,2026-01-03T18:30:00+00:00,4884,AP
PO-00033,Create,2026-01-02T09:00:00+00:00,5021,Procurement
PO-00033,Approve,2026-01-02T19:15:00+00:00,5021,Finance
PO-00033,Pay,2026-01-03T20:30:00+00:00,5021,AP
PO-00034,Create,2026-01-02T10:00:00+00:00,5158,Procurement
PO-00034,Approve,2026-01-02T21:15:00+00:00,5158,Finance
PO-00034,Pay,2026-01-03T22:30:00+00:00,5158,AP
PO-00035,Create,2026-01-02T11:00:00+00:00,5295,Procurement
PO-00035,Approve,2026-01-02T23:15:00+00:00,5295,Finance
PO-00035,Approve,2026-01-02T23:30:00+00:00,5295,AP
PO-00035,Pay,2026-01-04T00:45:00+00:00,5295,Finance
PO-00036,Create,2026-01-02T12:00:00+00:00,5432,Procurement
PO-00036,Approve,2026-01-03T01:15:00+00:00,5432,Finance
PO-00036,Pay,2026-01-04T02:30:00+00:00,5432,AP
PO-00037,Create,2026-01-02T13:00:00+00:00,5569,Procurement
PO-00037,Approve,2026-01-03T03:15:00+00:00,5569,Finance
PO-00037,Pay,2026-01-04T04:30:00+00:00,5569,AP
PO-00038,Create,2026-01-02T14:00:00+00:00,5706,Procurement
PO-00038,Approve,2026-01-03T05:15:00+00:00,5706,Finance
PO-00038,Pay,2026-01-04T06:30:00+00:00,5706,AP
PO-00039,Create,2026-01-02T15:00:00+00:00,5843,Procurement
PO-00039,Approve,2026-01-03T07:15:00+00:00,5843,Finance
PO-00039,Pay,2026-01-04T08:30:00+00:00,5843,AP
PO-00040,Create,2026-01-02T16:00:00+00:00,5980,Procurement
PO-00040,Approve,2026-01-03T09:15:00+00:00,5980,Finance
PO-00040,Pay,2026-01-04T10:30:00+00:00,5980,AP
PO-00041,Create,2026-01-02T17:00:00+00:00,6117,Procurement
PO-00041,Approve,2026-01-03T11:15:00+00:00,6117,Finance
PO-00041,Pay,2026-01-04T12:30:00+00:00,6117,AP
PO-00042,Create,2026-01-02T18:00:00+00:00,6254,Procurement
PO-00042,Approve,2026-01-03T13:15:00+00:00,6254,Finance
PO-00042,Approve,2026-01-03T13:30:00+00:00,6254,AP
PO-00042,Pay,2026-01-04T14:45:00+00:00,6254,Finance
PO-00043,Create,2026-01-02T19:00:00+00:00,6391,Procurement
PO-00043,Approve,2026-01-03T15:15:00+00:00,6391,Finance
PO-00043,Pay,2026-01-04T16:30:00+00:00,6391,AP
PO-00044,Create,2026-01-02T20:00:00+00:00,6528,Procurement
PO-00044,Approve,2026-01-03T17:15:00+00:00,6528,Finance
PO-00044,Pay,2026-01-04T18:30:00+00:00,6528,AP
PO-00045,Create,2026-01-02T21:00:00+00:00,6665,Procurement
PO-00045,Approve,2026-01-03T19:15:00+00:00,6665,Finance
PO-00045,Pay,2026-01-04T20:30:00+00:00,6665,AP
PO-00046,Create,2026-01-02T22:00:00+00:00,6802,Procurement
PO-00046,Approve,2026-01-03T21:15:00+00:00,6802,Finance
PO-00046,Pay,2026-01-04T22:30:00+00:00,6802,AP
PO-00047,Create,2026-01-02T23:00:00+00:00,6939,Procurement
PO-00047,Approve,2026-01-03T23:15:00+00:00,6939,Finance
PO-00047,Pay,2026-01-05T00:30:00+00:00,6939,AP
PO-00048,Create,2026-01-03T00:00:00+00:00,7076,Procurement
PO-00048,Approve,2026-01-03T01:15:00+00:00,7076,Finance
PO-00048,Pay,2026-01-03T02:30:00+00:00,7076,AP
PO-00049,Create,2026-01-03T01:00:00+00:00,7213,Procurement
PO-00049,Approve,2026-01-03T03:15:00+00:00,7213,Finance
PO-00049,Approve,2026-01-03T03:30:00+00:00,7213,AP
PO-00049,Pay,2026-01-03T04:45:00+00:00,7213,Finance
PO-00050,Create,2026-01-03T02:00:00+00:00,7350,Procurement
PO-00050,Approve,2026-01-03T05:15:00+00:00,7350,Finance
PO-00050,Pay,2026-01-03T06:30:00+00:00,7350,AP
PO-00051,Create,2026-01-03T03:00:00+00:00,7487,Procurement
PO-00051,Approve,2026-01-03T07:15:00+00:00,7487,Finance
PO-00051,Pay,2026-01-03T08:30:00+00:00,7487,AP
PO-00052,Create,2026-01-03T04:00:00+00:00,7624,Procurement
PO-00052,Approve,2026-01-03T09:15:00+00:00,7624,Finance
PO-00052,Pay,2026-01-03T10:30:00+00:00,7624,AP
PO-00053,Create,2026-01-03T05:00:00+00:00,7761,Procurement
PO-00053,Approve,2026-01-03T11:15:00+00:00,7761,Finance
PO-00053,Pay,2026-01-03T12:30:00+00:00,7761,AP
PO-00054,Create,2026-01-03T06:00:00+00:00,7898,Procurement
PO-00054,Approve,2026-01-03T13:15:00+00:00,7898,Finance
PO-00054,Pay,2026-01-03T14:30:00+00:00,7898,AP
PO-00055,Create,2026-01-03T07:00:00+00:00,8035,Procurement
PO-00055,Approve,2026-01-03T15:15:00+00:00,8035,Finance
PO-00055,Pay,2026-01-03T16:30:00+00:00,8035,AP
PO-00056,Create,2026-01-03T08:00:00+00:00,8172,Procurement
PO-00056,Approve,2026-01-03T17:15:00+00:00,8172,Finance
PO-00056,Approve,2026-01-03T17:30:00+00:00,8172,AP
PO-00056,Pay,2026-01-03T18:45:00+00:00,8172,Finance
PO-00057,Create,2026-01-03T09:00:00+00:00,8309,Procurement
PO-00057,Approve,2026-01-03T19:15:00+00:00,8309,Finance
PO-00057,Pay,2026-01-03T20:30:00+00:00,8309,AP
PO-00058,Create,2026-01-03T10:00:00+00:00,8446,Procurement
PO-00058,Approve,2026-01-03T21:15:00+00:00,8446,Finance
PO-00058,Pay,2026-01-03T22:30:00+00:00,8446,AP
PO-00059,Create,2026-01-03T11:00:00+00:00,8583,Procurement
PO-00059,Approve,2026-01-03T23:15:00+00:00,8583,Finance
PO-00059,Pay,2026-01-04T00:30:00+00:00,8583,AP
PO-00060,Create,2026-01-03T12:00:00+00:00,8720,Procurement
PO-00060,Approve,2026-01-04T01:15:00+00:00,8720,Finance
PO-00060,Pay,2026-01-04T02:30:00+00:00,8720,AP
PO-00061,Create,2026-01-03T13:00:00+00:00,8857,Procurement
PO-00061,Approve,2026-01-04T03:15:00+00:00,8857,Finance
PO-00061,Pay,2026-01-04T04:30:00+00:00,8857,AP
PO-00062,Create,2026-01-03T14:00:00+00:00,8994,Procurement
PO-00062,Approve,2026-01-04T05:15:00+00:00,8994,Finance
PO-00062,Pay,2026-01-04T06:30:00+00:00,8994,AP
PO-00063,Create,2026-01-03T15:00:00+00:00,9131,Procurement
PO-00063,Approve,2026-01-04T07:15:00+00:00,9131,Finance
PO-00063,Approve,2026-01-04T07:30:00+00:00,9131,AP
PO-00063,Pay,2026-01-04T08:45:00+00:00,9131,Finance
PO-00064,Create,2026-01-03T16:00:00+00:00,9268,Procurement
PO-00064,Approve,2026-01-04T09:15:00+00:00,9268,Finance
PO-00064,Pay,2026-01-04T10:30:00+00:00,9268,AP
PO-00065,Create,2026-01-03T17:00:00+00:00,9405,Procurement
PO-00065,Approve,2026-01-04T11:15:00+00:00,9405,Finance
PO-00065,Pay,2026-01-04T12:30:00+00:00,9405,AP
PO-00066,Create,2026-01-03T18:00:00+00:00,9542,Procurement
PO-00066,Approve,2026-01-04T13:15:00+00:00,9542,Finance
PO-00066,Pay,2026-01-04T14:30:00+00:00,9542,AP
PO-00067,Create,2026-01-03T19:00:00+00:00,9679,Procurement
PO-00067,Approve,2026-01-04T15:15:00+00:00,9679,Finance
PO-00067,Pay,2026-01-04T16:30:00+00:00,9679,AP
PO-00068,Create,2026-01-03T20:00:00+00:00,9816,Procurement
PO-00068,Approve,2026-01-04T17:15:00+00:00,9816,Finance
PO-00068,Pay,2026-01-04T18:30:00+00:00,9816,AP
PO-00069,Create,2026-01-03T21:00:00+00:00,9953,Procurement
PO-00069,Approve,2026-01-04T19:15:00+00:00,9953,Finance
PO-00069,Pay,2026-01-04T20:30:00+00:00,9953,AP
PO-00070,Create,2026-01-03T22:00:00+00:00,10090,Procurement
PO-00070,Approve,2026-01-04T21:15:00+00:00,10090,Finance
PO-00070,Approve,2026-01-04T21:30:00+00:00,10090,AP
PO-00070,Pay,2026-01-04T22:45:00+00:00,10090,Finance
PO-00071,Create,2026-01-03T23:00:00+00:00,10227,Procurement
PO-00071,Approve,2026-01-04T23:15:00+00:00,10227,Finance
PO-00071,Pay,2026-01-05T00:30:00+00:00,10227,AP
PO-00072,Create,2026-01-04T00:00:00+00:00,10364,Procurement
PO-00072,Approve,2026-01-04T01:15:00+00:00,10364,Finance
PO-00072,Pay,2026-01-05T02:30:00+00:00,10364,AP
PO-00073,Create,2026-01-04T01:00:00+00:00,10501,Procurement
PO-00073,Approve,2026-01-04T03:15:00+00:00,10501,Finance
PO-00073,Pay,2026-01-05T04:30:00+00:00,10501,AP
PO-00074,Create,2026-01-04T02:00:00+00:00,10638,Procurement
PO-00074,Approve,2026-01-04T05:15:00+00:00,10638,Finance
PO-00074,Pay,2026-01-05T06:30:00+00:00,10638,AP
PO-00075,Create,2026-01-04T03:00:00+00:00,10775,Procurement
PO-00075,Approve,2026-01-04T07:15:00+00:00,10775,Finance
PO-00075,Pay,2026-01-05T08:30:00+00:00,10775,AP
PO-00076,Create,2026-01-04T04:00:00+00:00,10912,Procurement
PO-00076,Approve,2026-01-04T09:15:00+00:00,10912,Finance
PO-00076,Pay,2026-01-05T10:30:00+00:00,10912,AP
PO-00077,Create,2026-01-04T05:00:00+00:00,11049,Procurement
PO-00077,Approve,2026-01-04T11:15:00+00:00,11049,Finance
PO-00077,Approve,2026-01-04T11:30:00+00:00,11049,AP
PO-00077,Pay,2026-01-05T12:45:00+00:00,11049,Finance
PO-00078,Create,2026-01-04T06:00:00+00:00,11186,Procurement
PO-00078,Approve,2026-01-04T13:15:00+00:00,11186,Finance
PO-00078,Pay,2026-01-05T14:30:00+00:00,11186,AP
PO-00079,Create,2026-01-04T07:00:00+00:00,11323,Procurement
PO-00079,Approve,2026-01-04T15:15:00+00:00,11323,Finance
PO-00079,Pay,2026-01-05T16:30:00+00:00,11323,AP
PO-00080,Create,2026-01-04T08:00:00+00:00,11460,Procurement
PO-00080,Approve,2026-01-04T17:15:00+00:00,11460,Finance
PO-00080,Pay,2026-01-05T18:30:00+00:00,11460,AP
PO-00081,Create,2026-01-04T09:00:00+00:00,11597,Procurement
PO-00081,Approve,2026-01-04T19:15:00+00:00,11597,Finance
PO-00081,Pay,2026-01-05T20:30:00+00:00,11597,AP
PO-00082,Create,2026-01-04T10:00:00+00:00,11734,Procurement
PO-00082,Approve,2026-01-04T21:15:00+00:00,11734,Finance
PO-00082,Pay,2026-01-05T22:30:00+00:00,11734,AP
PO-00083,Create,2026-01-04T11:00:00+00:00,11871,Procurement
PO-00083,Approve,2026-01-04T23:15:00+00:00,11871,Finance
PO-00083,Pay,2026-01-06T00:30:00+00:00,11871,AP
PO-00084,Create,2026-01-04T12:00:00+00:00,12008,Procurement
PO-00084,Approve,2026-01-05T01:15:00+00:00,12008,Finance
PO-00084,Approve,2026-01-05T01:30:00+00:00,12008,AP
PO-00084,Pay,2026-01-06T02:45:00+00:00,12008,Finance
PO-00085,Create,2026-01-04T13:00:00+00:00,12145,Procurement
PO-00085,Approve,2026-01-05T03:15:00+00:00,12145,Finance
PO-00085,Pay,2026-01-06T04:30:00+00:00,12145,AP
PO-00086,Create,2026-01-04T14:00:00+00:00,12282,Procurement
PO-00086,Approve,2026-01-05T05:15:00+00:00,12282,Finance
PO-00086,Pay,2026-01-06T06:30:00+00:00,12282,AP
PO-00087,Create,2026-01-04T15:00:00+00:00,12419,Procurement
PO-00087,Approve,2026-01-05T07:15:00+00:00,12419,Finance
PO-00087,Pay,2026-01-06T08:30:00+00:00,12419,AP
PO-00088,Create,2026-01-04T16:00:00+00:00,12556,Procurement
PO-00088,Approve,2026-01-05T09:15:00+00:00,12556,Finance
PO-00088,Pay,2026-01-06T10:30:00+00:00,12556,AP
PO-00089,Create,2026-01-04T17:00:00+00:00,12693,Procurement
PO-00089,Approve,2026-01-05T11:15:00+00:00,12693,Finance
PO-00089,Pay,2026-01-06T12:30:00+00:00,12693,AP
PO-00090,Create,2026-01-04T18:00:00+00:00,12830,Procurement
PO-00090,Approve,2026-01-05T13:15:00+00:00,12830,Finance
PO-00090,Pay,2026-01-06T14:30:00+00:00,12830,AP
PO-00091,Create,2026-01-04T19:00:00+00:00,12967,Procurement
PO-00091,Approve,2026-01-05T15:15:00+00:00,12967,Finance
PO-00091,Approve,2026-01-05T15:30:00+00:00,12967,AP
PO-00091,Pay,2026-01-06T16:45:00+00:00,12967,Finance
PO-00092,Create,2026-01-04T20:00:00+00:00,13104,Procurement
PO-00092,Approve,2026-01-05T17:15:00+00:00,13104,Finance
PO-00092,Pay,2026-01-06T18:30:00+00:00,13104,AP
PO-00093,Create,2026-01-04T21:00:00+00:00,13241,Procurement
PO-00093,Approve,2026-01-05T19:15:00+00:00,13241,Finance
PO-00093,Pay,2026-01-06T20:30:00+00:00,13241,AP
PO-00094,Create,2026-01-04T22:00:00+00:00,13378,Procurement
PO-00094,Approve,2026-01-05T21:15:00+00:00,13378,Finance
PO-00094,Pay,2026-01-06T22:30:00+00:00,13378,AP
PO-00095,Create,2026-01-04T23:00:00+00:00,13515,Procurement
PO-00095,Approve,2026-01-05T23:15:00+00:00,13515,Finance
PO-00095,Pay,2026-01-07T00:30:00+00:00,13515,AP
PO-00096,Create,2026-01-05T00:00:00+00:00,13652,Procurement
PO-00096,Approve,2026-01-05T01:15:00+00:00,13652,Finance
PO-00096,Pay,2026-01-05T02:30:00+00:00,13652,AP
PO-00097,Create,2026-01-05T01:00:00+00:00,13789,Procurement
PO-00097,Approve,2026-01-05T03:15:00+00:00,13789,Finance
PO-00097,Pay,2026-01-05T04:30:00+00:00,13789,AP
PO-00098,Create,2026-01-05T02:00:00+00:00,13926,Procurement
PO-00098,Approve,2026-01-05T05:15:00+00:00,13926,Finance
PO-00098,Approve,2026-01-05T05:30:00+00:00,13926,AP
PO-00098,Pay,2026-01-05T06:45:00+00:00,13926,Finance
PO-00099,Create,2026-01-05T03:00:00+00:00,14063,Procurement
PO-00099,Approve,2026-01-05T07:15:00+00:00,14063,Finance
PO-00099,Pay,2026-01-05T08:30:00+00:00,14063,AP
PO-00100,Create,2026-01-05T04:00:00+00:00,14200,Procurement
PO-00100,Approve,2026-01-05T09:15:00+00:00,14200,Finance
PO-00100,Pay,2026-01-05T10:30:00+00:00,14200,AP
PO-00101,Create,2026-01-05T05:00:00+00:00,14337,Procurement
PO-00101,Approve,2026-01-05T11:15:00+00:00,14337,Finance
PO-00101,Pay,2026-01-05T12:30:00+00:00,14337,AP
PO-00102,Create,2026-01-05T06:00:00+00:00,14474,Procurement
PO-00102,Approve,2026-01-05T13:15:00+00:00,14474,Finance
PO-00102,Pay,2026-01-05T14:30:00+00:00,14474,AP
PO-00103,Create,2026-01-05T07:00:00+00:00,14611,Procurement
PO-00103,Approve,2026-01-05T15:15:00+00:00,14611,Finance
PO-00103,Pay,2026-01-05T16:30:00+00:00,14611,AP
PO-00104,Create,2026-01-05T08:00:00+00:00,14748,Procurement
PO-00104,Approve,2026-01-05T17:15:00+00:00,14748,Finance
PO-00104,Pay,2026-01-05T18:30:00+00:00,14748,AP
PO-00105,Create,2026-01-05T09:00:00+00:00,14885,Procurement
PO-00105,Approve,2026-01-05T19:15:00+00:00,14885,Finance
PO-00105,Approve,2026-01-05T19:30:00+00:00,14885,AP
PO-00105,Pay,2026-01-05T20:45:00+00:00,14885,Finance
PO-00106,Create,2026-01-05T10:00:00+00:00,15022,Procurement
PO-00106,Approve,2026-01-05T21:15:00+00:00,15022,Finance
PO-00106,Pay,2026-01-05T22:30:00+00:00,15022,AP
PO-00107,Create,2026-01-05T11:00:00+00:00,15159,Procurement
PO-00107,Approve,2026-01-05T23:15:00+00:00,15159,Finance
PO-00107,Pay,2026-01-06T00:30:00+00:00,15159,AP
PO-00108,Create,2026-01-05T12:00:00+00:00,15296,Procurement
PO-00108,Approve,2026-01-06T01:15:00+00:00,15296,Finance
PO-00108,Pay,2026-01-06T02:30:00+00:00,15296,AP
PO-00109,Create,2026-01-05T13:00:00+00:00,15433,Procurement
PO-00109,Approve,2026-01-06T03:15:00+00:00,15433,Finance
PO-00109,Pay,2026-01-06T04:30:00+00:00,15433,AP
PO-00110,Create,2026-01-05T14:00:00+00:00,15570,Procurement
PO-00110,Approve,2026-01-06T05:15:00+00:00,15570,Finance
PO-00110,Pay,2026-01-06T06:30:00+00:00,15570,AP
PO-00111,Create,2026-01-05T15:00:00+00:00,15707,Procurement
PO-00111,Approve,2026-01-06T07:15:00+00:00,15707,Finance
PO-00111,Pay,2026-01-06T08:30:00+00:00,15707,AP
PO-00112,Create,2026-01-05T16:00:00+00:00,15844,Procurement
PO-00112,Approve,2026-01-06T09:15:00+00:00,15844,Finance
PO-00112,Approve,2026-01-06T09:30:00+00:00,15844,AP
PO-00112,Pay,2026-01-06T10:45:00+00:00,15844,Finance
PO-00113,Create,2026-01-05T17:00:00+00:00,15981,Procurement
PO-00113,Approve,2026-01-06T11:15:00+00:00,15981,Finance
PO-00113,Pay,2026-01-06T12:30:00+00:00,15981,AP
PO-00114,Create,2026-01-05T18:00:00+00:00,16118,Procurement
PO-00114,Approve,2026-01-06T13:15:00+00:00,16118,Finance
PO-00114,Pay,2026-01-06T14:30:00+00:00,16118,AP
PO-00115,Create,2026-01-05T19:00:00+00:00,16255,Procurement
PO-00115,Approve,2026-01-06T15:15:00+00:00,16255,Finance
PO-00115,Pay,2026-01-06T16:30:00+00:00,16255,AP
PO-00116,Create,2026-01-05T20:00:00+00:00,16392,Procurement
PO-00116,Approve,2026-01-06T17:15:00+00:00,16392,Finance
PO-00116,Pay,2026-01-06T18:30:00+00:00,16392,AP
PO-00117,Create,2026-01-05T21:00:00+00:00,16529,Procurement
PO-00117,Approve,2026-01-06T19:15:00+00:00,16529,Finance
PO-00117,Pay,2026-01-06T20:30:00+00:00,16529,AP
PO-00118,Create,2026-01-05T22:00:00+00:00,16666,Procurement
PO-00118,Approve,2026-01-06T21:15:00+00:00,16666,Finance
PO-00118,Pay,2026-01-06T22:30:00+00:00,16666,AP
PO-00119,Create,2026-01-05T23:00:00+00:00,16803,Procurement
PO-00119,Approve,2026-01-06T23:15:00+00:00,16803,Finance
PO-00119,Approve,2026-01-06T23:30:00+00:00,16803,AP
PO-00119,Pay,2026-01-07T00:45:00+00:00,16803,Finance
PO-00120,Create,2026-01-06T00:00:00+00:00,16940,Procurement
PO-00120,Approve,2026-01-06T01:15:00+00:00,16940,Finance
PO-00120,Pay,2026-01-07T02:30:00+00:00,16940,AP
PO-00121,Create,2026-01-06T01:00:00+00:00,17077,Procurement
PO-00121,Approve,2026-01-06T03:15:00+00:00,17077,Finance
PO-00121,Pay,2026-01-07T04:30:00+00:00,17077,AP
PO-00122,Create,2026-01-06T02:00:00+00:00,17214,Procurement
PO-00122,Approve,2026-01-06T05:15:00+00:00,17214,Finance
PO-00122,Pay,2026-01-07T06:30:00+00:00,17214,AP
PO-00123,Create,2026-01-06T03:00:00+00:00,17351,Procurement
PO-00123,Approve,2026-01-06T07:15:00+00:00,17351,Finance
PO-00123,Pay,2026-01-07T08:30:00+00:00,17351,AP
PO-00124,Create,2026-01-06T04:00:00+00:00,17488,Procurement
PO-00124,Approve,2026-01-06T09:15:00+00:00,17488,Finance
PO-00124,Pay,2026-01-07T10:30:00+00:00,17488,AP
PO-00125,Create,2026-01-06T05:00:00+00:00,17625,Procurement
PO-00125,Approve,2026-01-06T11:15:00+00:00,17625,Finance
PO-00125,Pay,2026-01-07T12:30:00+00:00,17625,AP
PO-00126,Create,2026-01-06T06:00:00+00:00,17762,Procurement
PO-00126,Approve,2026-01-06T13:15:00+00:00,17762,Finance
PO-00126,Approve,2026-01-06T13:30:00+00:00,17762,AP
PO-00126,Pay,2026-01-07T14:45:00+00:00,17762,Finance
PO-00127,Create,2026-01-06T07:00:00+00:00,17899,Procurement
PO-00127,Approve,2026-01-06T15:15:00+00:00,17899,Finance
PO-00127,Pay,2026-01-07T16:30:00+00:00,17899,AP
PO-00128,Create,2026-01-06T08:00:00+00:00,18036,Procurement
PO-00128,Approve,2026-01-06T17:15:00+00:00,18036,Finance
PO-00128,Pay,2026-01-07T18:30:00+00:00,18036,AP
PO-00129,Create,2026-01-06T09:00:00+00:00,18173,Procurement
PO-00129,Approve,2026-01-06T19:15:00+00:00,18173,Finance
PO-00129,Pay,2026-01-07T20:30:00+00:00,18173,AP
PO-00130,Create,2026-01-06T10:00:00+00:00,18310,Procurement
PO-00130,Approve,2026-01-06T21:15:00+00:00,18310,Finance
PO-00130,Pay,2026-01-07T22:30:00+00:00,18310,AP
PO-00131,Create,2026-01-06T11:00:00+00:00,18447,Procurement
PO-00131,Approve,2026-01-06T23:15:00+00:00,18447,Finance
PO-00131,Pay,2026-01-08T00:30:00+00:00,18447,AP
PO-00132,Create,2026-01-06T12:00:00+00:00,18584,Procurement
PO-00132,Approve,2026-01-07T01:15:00+00:00,18584,Finance
PO-00132,Pay,2026-01-08T02:30:00+00:00,18584,AP
PO-00133,Create,2026-01-06T13:00:00+00:00,18721,Procurement
PO-00133,Approve,2026-01-07T03:15:00+00:00,18721,Finance
PO-00133,Approve,2026-01-07T03:30:00+00:00,18721,AP
PO-00133,Pay,2026-01-08T04:45:00+00:00,18721,Finance
PO-00134,Create,2026-01-06T14:00:00+00:00,18858,Procurement
PO-00134,Approve,2026-01-07T05:15:00+00:00,18858,Finance
PO-00134,Pay,2026-01-08T06:30:00+00:00,18858,AP
PO-00135,Create,2026-01-06T15:00:00+00:00,18995,Procurement
PO-00135,Approve,2026-01-07T07:15:00+00:00,18995,Finance
PO-00135,Pay,2026-01-08T08:30:00+00:00,18995,AP
PO-00136,Create,2026-01-06T16:00:00+00:00,19132,Procurement
PO-00136,Approve,2026-01-07T09:15:00+00:00,19132,Finance
PO-00136,Pay,2026-01-08T10:30:00+00:00,19132,AP
PO-00137,Create,2026-01-06T17:00:00+00:00,19269,Procurement
PO-00137,Approve,2026-01-07T11:15:00+00:00,19269,Finance
PO-00137,Pay,2026-01-08T12:30:00+00:00,19269,AP
PO-00138,Create,2026-01-06T18:00:00+00:00,19406,Procurement
PO-00138,Approve,2026-01-07T13:15:00+00:00,19406,Finance
PO-00138,Pay,2026-01-08T14:30:00+00:00,19406,AP
PO-00139,Create,2026-01-06T19:00:00+00:00,19543,Procurement
PO-00139,Approve,2026-01-07T15:15:00+00:00,19543,Finance
PO-00139,Pay,2026-01-08T16:30:00+00:00,19543,AP
PO-00140,Create,2026-01-06T20:00:00+00:00,19680,Procurement
PO-00140,Approve,2026-01-07T17:15:00+00:00,19680,Finance
PO-00140,Approve,2026-01-07T17:30:00+00:00,19680,AP
PO-00140,Pay,2026-01-08T18:45:00+00:00,19680,Finance
PO-00141,Create,2026-01-06T21:00:00+00:00,19817,Procurement
PO-00141,Approve,2026-01-07T19:15:00+00:00,19817,Finance
PO-00141,Pay,2026-01-08T20:30:00+00:00,19817,AP
PO-00142,Create,2026-01-06T22:00:00+00:00,19954,Procurement
PO-00142,Approve,2026-01-07T21:15:00+00:00,19954,Finance
PO-00142,Pay,2026-01-08T22:30:00+00:00,19954,AP
PO-00143,Create,2026-01-06T23:00:00+00:00,20091,Procurement
PO-00143,Approve,2026-01-07T23:15:00+00:00,20091,Finance
PO-00143,Pay,2026-01-09T00:30:00+00:00,20091,AP
PO-00144,Create,2026-01-07T00:00:00+00:00,20228,Procurement
PO-00144,Approve,2026-01-07T01:15:00+00:00,20228,Finance
PO-00144,Pay,2026-01-07T02:30:00+00:00,20228,AP
PO-00145,Create,2026-01-07T01:00:00+00:00,20365,Procurement
PO-00145,Approve,2026-01-07T03:15:00+00:00,20365,Finance
PO-00145,Pay,2026-01-07T04:30:00+00:00,20365,AP
PO-00146,Create,2026-01-07T02:00:00+00:00,20502,Procurement
PO-00146,Approve,2026-01-07T05:15:00+00:00,20502,Finance
PO-00146,Pay,2026-01-07T06:30:00+00:00,20502,AP
PO-00147,Create,2026-01-07T03:00:00+00:00,20639,Procurement
PO-00147,Approve,2026-01-07T07:15:00+00:00,20639,Finance
PO-00147,Approve,2026-01-07T07:30:00+00:00,20639,AP
PO-00147,Pay,2026-01-07T08:45:00+00:00,20639,Finance
PO-00148,Create,2026-01-07T04:00:00+00:00,20776,Procurement
PO-00148,Approve,2026-01-07T09:15:00+00:00,20776,Finance
PO-00148,Pay,2026-01-07T10:30:00+00:00,20776,AP
PO-00149,Create,2026-01-07T05:00:00+00:00,20913,Procurement
PO-00149,Approve,2026-01-07T11:15:00+00:00,20913,Finance
PO-00149,Pay,2026-01-07T12:30:00+00:00,20913,AP
PO-00150,Create,2026-01-07T06:00:00+00:00,21050,Procurement
PO-00150,Approve,2026-01-07T13:15:00+00:00,21050,Finance
PO-00150,Pay,2026-01-07T14:30:00+00:00,21050,AP
PO-00151,Create,2026-01-07T07:00:00+00:00,21187,Procurement
PO-00151,Approve,2026-01-07T15:15:00+00:00,21187,Finance
PO-00151,Pay,2026-01-07T16:30:00+00:00,21187,AP
PO-00152,Create,2026-01-07T08:00:00+00:00,21324,Procurement
PO-00152,Approve,2026-01-07T17:15:00+00:00,21324,Finance
PO-00152,Pay,2026-01-07T18:30:00+00:00,21324,AP
PO-00153,Create,2026-01-07T09:00:00+00:00,21461,Procurement
PO-00153,Approve,2026-01-07T19:15:00+00:00,21461,Finance
PO-00153,Pay,2026-01-07T20:30:00+00:00,21461,AP
PO-00154,Create,2026-01-07T10:00:00+00:00,21598,Procurement
PO-00154,Approve,2026-01-07T21:15:00+00:00,21598,Finance
PO-00154,Approve,2026-01-07T21:30:00+00:00,21598,AP
PO-00154,Pay,2026-01-07T22:45:00+00:00,21598,Finance
PO-00155,Create,2026-01-07T11:00:00+00:00,21735,Procurement
PO-00155,Approve,2026-01-07T23:15:00+00:00,21735,Finance
PO-00155,Pay,2026-01-08T00:30:00+00:00,21735,AP
PO-00156,Create,2026-01-07T12:00:00+00:00,21872,Procurement
PO-00156,Approve,2026-01-08T01:15:00+00:00,21872,Finance
PO-00156,Pay,2026-01-08T02:30:00+00:00,21872,AP
PO-00157,Create,2026-01-07T13:00:00+00:00,22009,Procurement
PO-00157,Approve,2026-01-08T03:15:00+00:00,22009,Finance
PO-00157,Pay,2026-01-08T04:30:00+00:00,22009,AP
PO-00158,Create,2026-01-07T14:00:00+00:00,22146,Procurement
PO-00158,Approve,2026-01-08T05:15:00+00:00,22146,Finance
PO-00158,Pay,2026-01-08T06:30:00+00:00,22146,AP
PO-00159,Create,2026-01-07T15:00:00+00:00,22283,Procurement
PO-00159,Approve,2026-01-08T07:15:00+00:00,22283,Finance
PO-00159,Pay,2026-01-08T08:30:00+00:00,22283,AP
PO-00160,Create,2026-01-07T16:00:00+00:00,22420,Procurement
PO-00160,Approve,2026-01-08T09:15:00+00:00,22420,Finance
PO-00160,Pay,2026-01-08T10:30:00+00:00,22420,AP
PO-00161,Create,2026-01-07T17:00:00+00:00,22557,Procurement
PO-00161,Approve,2026-01-08T11:15:00+00:00,22557,Finance
PO-00161,Approve,2026-01-08T11:30:00+00:00,22557,AP
PO-00161,Pay,2026-01-08T12:45:00+00:00,22557,Finance
PO-00162,Create,2026-01-07T18:00:00+00:00,22694,Procurement
PO-00162,Approve,2026-01-08T13:15:00+00:00,22694,Finance
PO-00162,Pay,2026-01-08T14:30:00+00:00,22694,AP
PO-00163,Create,2026-01-07T19:00:00+00:00,22831,Procurement
PO-00163,Approve,2026-01-08T15:15:00+00:00,22831,Finance
PO-00163,Pay,2026-01-08T16:30:00+00:00,22831,AP
PO-00164,Create,2026-01-07T20:00:00+00:00,22968,Procurement
PO-00164,Approve,2026-01-08T17:15:00+00:00,22968,Finance
PO-00164,Pay,2026-01-08T18:30:00+00:00,22968,AP
PO-00165,Create,2026-01-07T21:00:00+00:00,23105,Procurement
PO-00165,Approve,2026-01-08T19:15:00+00:00,23105,Finance
PO-00165,Pay,2026-01-08T20:30:00+00:00,23105,AP
PO-00166,Create,2026-01-07T22:00:00+00:00,23242,Procurement
PO-00166,Approve,2026-01-08T21:15:00+00:00,23242,Finance
PO-00166,Pay,2026-01-08T22:30:00+00:00,23242,AP
PO-00167,Create,2026-01-07T23:00:00+00:00,23379,Procurement
PO-00167,Approve,2026-01-08T23:15:00+00:00,23379,Finance
PO-00167,Pay,2026-01-09T00:30:00+00:00,23379,AP
PO-00168,Create,2026-01-08T00:00:00+00:00,23516,Procurement
PO-00168,Approve,2026-01-08T01:15:00+00:00,23516,Finance
PO-00168,Approve,2026-01-08T01:30:00+00:00,23516,AP
PO-00168,Pay,2026-01-09T02:45:00+00:00,23516,Finance
PO-00169,Create,2026-01-08T01:00:00+00:00,23653,Procurement
PO-00169,Approve,2026-01-08T03:15:00+00:00,23653,Finance
PO-00169,Pay,2026-01-09T04:30:00+00:00,23653,AP
PO-00170,Create,2026-01-08T02:00:00+00:00,23790,Procurement
PO-00170,Approve,2026-01-08T05:15:00+00:00,23790,Finance
PO-00170,Pay,2026-01-09T06:30:00+00:00,23790,AP
PO-00171,Create,2026-01-08T03:00:00+00:00,23927,Procurement
PO-00171,Approve,2026-01-08T07:15:00+00:00,23927,Finance
PO-00171,Pay,2026-01-09T08:30:00+00:00,23927,AP
PO-00172,Create,2026-01-08T04:00:00+00:00,24064,Procurement
PO-00172,Approve,2026-01-08T09:15:00+00:00,24064,Finance
PO-00172,Pay,2026-01-09T10:30:00+00:00,24064,AP
PO-00173,Create,2026-01-08T05:00:00+00:00,24201,Procurement
PO-00173,Approve,2026-01-08T11:15:00+00:00,24201,Finance
PO-00173,Pay,2026-01-09T12:30:00+00:00,24201,AP
PO-00174,Create,2026-01-08T06:00:00+00:00,24338,Procurement
PO-00174,Approve,2026-01-08T13:15:00+00:00,24338,Finance
PO-00174,Pay,2026-01-09T14:30:00+00:00,24338,AP
PO-00175,Create,2026-01-08T07:00:00+00:00,24475,Procurement
PO-00175,Approve,2026-01-08T15:15:00+00:00,24475,Finance
PO-00175,Approve,2026-01-08T15:30:00+00:00,24475,AP
PO-00175,Pay,2026-01-09T16:45:00+00:00,24475,Finance
PO-00176,Create,2026-01-08T08:00:00+00:00,24612,Procurement
PO-00176,Approve,2026-01-08T17:15:00+00:00,24612,Finance
PO-00176,Pay,2026-01-09T18:30:00+00:00,24612,AP
PO-00177,Create,2026-01-08T09:00:00+00:00,24749,Procurement
PO-00177,Approve,2026-01-08T19:15:00+00:00,24749,Finance
PO-00177,Pay,2026-01-09T20:30:00+00:00,24749,AP
PO-00178,Create,2026-01-08T10:00:00+00:00,24886,Procurement
PO-00178,Approve,2026-01-08T21:15:00+00:00,24886,Finance
PO-00178,Pay,2026-01-09T22:30:00+00:00,24886,AP
PO-00179,Create,2026-01-08T11:00:00+00:00,25023,Procurement
PO-00179,Approve,2026-01-08T23:15:00+00:00,25023,Finance
PO-00179,Pay,2026-01-10T00:30:00+00:00,25023,AP
PO-00180,Create,2026-01-08T12:00:00+00:00,25160,Procurement
PO-00180,Approve,2026-01-09T01:15:00+00:00,25160,Finance
PO-00180,Pay,2026-01-10T02:30:00+00:00,25160,AP
PO-00181,Create,2026-01-08T13:00:00+00:00,25297,Procurement
PO-00181,Approve,2026-01-09T03:15:00+00:00,25297,Finance
PO-00181,Pay,2026-01-10T04:30:00+00:00,25297,AP
PO-00182,Create,2026-01-08T14:00:00+00:00,25434,Procurement
PO-00182,Approve,2026-01-09T05:15:00+00:00,25434,Finance
PO-00182,Approve,2026-01-09T05:30:00+00:00,25434,AP
PO-00182,Pay,2026-01-10T06:45:00+00:00,25434,Finance
PO-00183,Create,2026-01-08T15:00:00+00:00,25571,Procurement
PO-00183,Approve,2026-01-09T07:15:00+00:00,25571,Finance
PO-00183,Pay,2026-01-10T08:30:00+00:00,25571,AP
PO-00184,Create,2026-01-08T16:00:00+00:00,25708,Procurement
PO-00184,Approve,2026-01-09T09:15:00+00:00,25708,Finance
PO-00184,Pay,2026-01-10T10:30:00+00:00,25708,AP
PO-00185,Create,2026-01-08T17:00:00+00:00,25845,Procurement
PO-00185,Approve,2026-01-09T11:15:00+00:00,25845,Finance
PO-00185,Pay,2026-01-10T12:30:00+00:00,25845,AP
PO-00186,Create,2026-01-08T18:00:00+00:00,25982,Procurement
PO-00186,Approve,2026-01-09T13:15:00+00:00,25982,Finance
PO-00186,Pay,2026-01-10T14:30:00+00:00,25982,AP
PO-00187,Create,2026-01-08T19:00:00+00:00,26119,Procurement
PO-00187,Approve,2026-01-09T15:15:00+00:00,26119,Finance
PO-00187,Pay,2026-01-10T16:30:00+00:00,26119,AP
PO-00188,Create,2026-01-08T20:00:00+00:00,26256,Procurement
PO-00188,Approve,2026-01-09T17:15:00+00:00,26256,Finance
PO-00188,Pay,2026-01-10T18:30:00+00:00,26256,AP
PO-00189,Create,2026-01-08T21:00:00+00:00,26393,Procurement
PO-00189,Approve,2026-01-09T19:15:00+00:00,26393,Finance
PO-00189,Approve,2026-01-09T19:30:00+00:00,26393,AP
PO-00189,Pay,2026-01-10T20:45:00+00:00,26393,Finance
PO-00190,Create,2026-01-08T22:00:00+00:00,26530,Procurement
PO-00190,Approve,2026-01-09T21:15:00+00:00,26530,Finance
PO-00190,Pay,2026-01-10T22:30:00+00:00,26530,AP
PO-00191,Create,2026-01-08T23:00:00+00:00,26667,Procurement
PO-00191,Approve,2026-01-09T23:15:00+00:00,26667,Finance
PO-00191,Pay,2026-01-11T00:30:00+00:00,26667,AP
PO-00192,Create,2026-01-09T00:00:00+00:00,26804,Procurement
PO-00192,Approve,2026-01-09T01:15:00+00:00,26804,Finance
PO-00192,Pay,2026-01-09T02:30:00+00:00,26804,AP
PO-00193,Create,2026-01-09T01:00:00+00:00,26941,Procurement
PO-00193,Approve,2026-01-09T03:15:00+00:00,26941,Finance
PO-00193,Pay,2026-01-09T04:30:00+00:00,26941,AP
PO-00194,Create,2026-01-09T02:00:00+00:00,27078,Procurement
PO-00194,Approve,2026-01-09T05:15:00+00:00,27078,Finance
PO-00194,Pay,2026-01-09T06:30:00+00:00,27078,AP
PO-00195,Create,2026-01-09T03:00:00+00:00,27215,Procurement
PO-00195,Approve,2026-01-09T07:15:00+00:00,27215,Finance
PO-00195,Pay,2026-01-09T08:30:00+00:00,27215,AP
PO-00196,Create,2026-01-09T04:00:00+00:00,27352,Procurement
PO-00196,Approve,2026-01-09T09:15:00+00:00,27352,Finance
PO-00196,Approve,2026-01-09T09:30:00+00:00,27352,AP
PO-00196,Pay,2026-01-09T10:45:00+00:00,27352,Finance
PO-00197,Create,2026-01-09T05:00:00+00:00,27489,Procurement
PO-00197,Approve,2026-01-09T11:15:00+00:00,27489,Finance
PO-00197,Pay,2026-01-09T12:30:00+00:00,27489,AP
PO-00198,Create,2026-01-09T06:00:00+00:00,27626,Procurement
PO-00198,Approve,2026-01-09T13:15:00+00:00,27626,Finance
PO-00198,Pay,2026-01-09T14:30:00+00:00,27626,AP
PO-00199,Create,2026-01-09T07:00:00+00:00,27763,Procurement
PO-00199,Approve,2026-01-09T15:15:00+00:00,27763,Finance
PO-00199,Pay,2026-01-09T16:30:00+00:00,27763,AP
PO-00200,Create,2026-01-09T08:00:00+00:00,27900,Procurement
PO-00200,Approve,2026-01-09T17:15:00+00:00,27900,Finance
PO-00200,Pay,2026-01-09T18:30:00+00:00,27900,AP
PO-00201,Create,2026-01-09T09:00:00+00:00,28037,Procurement
PO-00201,Approve,2026-01-09T19:15:00+00:00,28037,Finance
PO-00201,Pay,2026-01-09T20:30:00+00:00,28037,AP
PO-00202,Create,2026-01-09T10:00:00+00:00,28174,Procurement
PO-00202,Approve,2026-01-09T21:15:00+00:00,28174,Finance
PO-00202,Pay,2026-01-09T22:30:00+00:00,28174,AP
PO-00203,Create,2026-01-09T11:00:00+00:00,28311,Procurement
PO-00203,Approve,2026-01-09T23:15:00+00:00,28311,Finance
PO-00203,Approve,2026-01-09T23:30:00+00:00,28311,AP
PO-00203,Pay,2026-01-10T00:45:00+00:00,28311,Finance
PO-00204,Create,2026-01-09T12:00:00+00:00,28448,Procurement
PO-00204,Approve,2026-01-10T01:15:00+00:00,28448,Finance
PO-00204,Pay,2026-01-10T02:30:00+00:00,28448,AP
PO-00205,Create,2026-01-09T13:00:00+00:00,28585,Procurement
PO-00205,Approve,2026-01-10T03:15:00+00:00,28585,Finance
PO-00205,Pay,2026-01-10T04:30:00+00:00,28585,AP
PO-00206,Create,2026-01-09T14:00:00+00:00,28722,Procurement
PO-00206,Approve,2026-01-10T05:15:00+00:00,28722,Finance
PO-00206,Pay,2026-01-10T06:30:00+00:00,28722,AP
PO-00207,Create,2026-01-09T15:00:00+00:00,28859,Procurement
PO-00207,Approve,2026-01-10T07:15:00+00:00,28859,Finance
PO-00207,Pay,2026-01-10T08:30:00+00:00,28859,AP
PO-00208,Create,2026-01-09T16:00:00+00:00,28996,Procurement
PO-00208,Approve,2026-01-10T09:15:00+00:00,28996,Finance
PO-00208,Pay,2026-01-10T10:30:00+00:00,28996,AP
PO-00209,Create,2026-01-09T17:00:00+00:00,29133,Procurement
PO-00209,Approve,2026-01-10T11:15:00+00:00,29133,Finance
PO-00209,Pay,2026-01-10T12:30:00+00:00,29133,AP
PO-00210,Create,2026-01-09T18:00:00+00:00,29270,Procurement
PO-00210,Approve,2026-01-10T13:15:00+00:00,29270,Finance
PO-00210,Approve,2026-01-10T13:30:00+00:00,29270,AP
PO-00210,Pay,2026-01-10T14:45:00+00:00,29270,Finance
PO-00211,Create,2026-01-09T19:00:00+00:00,29407,Procurement
PO-00211,Approve,2026-01-10T15:15:00+00:00,29407,Finance
PO-00211,Pay,2026-01-10T16:30:00+00:00,29407,AP
PO-00212,Create,2026-01-09T20:00:00+00:00,29544,Procurement
PO-00212,Approve,2026-01-10T17:15:00+00:00,29544,Finance
PO-00212,Pay,2026-01-10T18:30:00+00:00,29544,AP
PO-00213,Create,2026-01-09T21:00:00+00:00,29681,Procurement
PO-00213,Approve,2026-01-10T19:15:00+00:00,29681,Finance
PO-00213,Pay,2026-01-10T20:30:00+00:00,29681,AP
PO-00214,Create,2026-01-09T22:00:00+00:00,29818,Procurement
PO-00214,Approve,2026-01-10T21:15:00+00:00,29818,Finance
PO-00214,Pay,2026-01-10T22:30:00+00:00,29818,AP
PO-00215,Create,2026-01-09T23:00:00+00:00,29955,Procurement
PO-00215,Approve,2026-01-10T23:15:00+00:00,29955,Finance
PO-00215,Pay,2026-01-11T00:30:00+00:00,29955,AP
PO-00216,Create,2026-01-10T00:00:00+00:00,30092,Procurement
PO-00216,Approve,2026-01-10T01:15:00+00:00,30092,Finance
PO-00216,Pay,2026-01-11T02:30:00+00:00,30092,AP
PO-00217,Create,2026-01-10T01:00:00+00:00,30229,Procurement
PO-00217,Approve,2026-01-10T03:15:00+00:00,30229,Finance
PO-00217,Approve,2026-01-10T03:30:00+00:00,30229,AP
PO-00217,Pay,2026-01-11T04:45:00+00:00,30229,Finance
PO-00218,Create,2026-01-10T02:00:00+00:00,30366,Procurement
PO-00218,Approve,2026-01-10T05:15:00+00:00,30366,Finance
PO-00218,Pay,2026-01-11T06:30:00+00:00,30366,AP
PO-00219,Create,2026-01-10T03:00:00+00:00,30503,Procurement
PO-00219,Approve,2026-01-10T07:15:00+00:00,30503,Finance
PO-00219,Pay,2026-01-11T08:30:00+00:00,30503,AP
PO-00220,Create,2026-01-10T04:00:00+00:00,30640,Procurement
PO-00220,Approve,2026-01-10T09:15:00+00:00,30640,Finance
PO-00220,Pay,2026-01-11T10:30:00+00:00,30640,AP
PO-00221,Create,2026-01-10T05:00:00+00:00,30777,Procurement
PO-00221,Approve,2026-01-10T11:15:00+00:00,30777,Finance
PO-00221,Pay,2026-01-11T12:30:00+00:00,30777,AP
PO-00222,Create,2026-01-10T06:00:00+00:00,30914,Procurement
PO-00222,Approve,2026-01-10T13:15:00+00:00,30914,Finance
PO-00222,Pay,2026-01-11T14:30:00+00:00,30914,AP
PO-00223,Create,2026-01-10T07:00:00+00:00,31051,Procurement
PO-00223,Approve,2026-01-10T15:15:00+00:00,31051,Finance
PO-00223,Pay,2026-01-11T16:30:00+00:00,31051,AP
PO-00224,Create,2026-01-10T08:00:00+00:00,31188,Procurement
PO-00224,Approve,2026-01-10T17:15:00+00:00,31188,Finance
PO-00224,Approve,2026-01-10T17:30:00+00:00,31188,AP
PO-00224,Pay,2026-01-11T18:45:00+00:00,31188,Finance
PO-00225,Create,2026-01-10T09:00:00+00:00,31325,Procurement
PO-00225,Approve,2026-01-10T19:15:00+00:00,31325,Finance
PO-00225,Pay,2026-01-11T20:30:00+00:00,31325,AP
PO-00226,Create,2026-01-10T10:00:00+00:00,31462,Procurement
PO-00226,Approve,2026-01-10T21:15:00+00:00,31462,Finance
PO-00226,Pay,2026-01-11T22:30:00+00:00,31462,AP
PO-00227,Create,2026-01-10T11:00:00+00:00,31599,Procurement
PO-00227,Approve,2026-01-10T23:15:00+00:00,31599,Finance
PO-00227,Pay,2026-01-12T00:30:00+00:00,31599,AP
PO-00228,Create,2026-01-10T12:00:00+00:00,31736,Procurement
PO-00228,Approve,2026-01-11T01:15:00+00:00,31736,Finance
PO-00228,Pay,2026-01-12T02:30:00+00:00,31736,AP
PO-00229,Create,2026-01-10T13:00:00+00:00,31873,Procurement
PO-00229,Approve,2026-01-11T03:15:00+00:00,31873,Finance
PO-00229,Pay,2026-01-12T04:30:00+00:00,31873,AP
PO-00230,Create,2026-01-10T14:00:00+00:00,32010,Procurement
PO-00230,Approve,2026-01-11T05:15:00+00:00,32010,Finance
PO-00230,Pay,2026-01-12T06:30:00+00:00,32010,AP
PO-00231,Create,2026-01-10T15:00:00+00:00,32147,Procurement
PO-00231,Approve,2026-01-11T07:15:00+00:00,32147,Finance
PO-00231,Approve,2026-01-11T07:30:00+00:00,32147,AP
PO-00231,Pay,2026-01-12T08:45:00+00:00,32147,Finance
PO-00232,Create,2026-01-10T16:00:00+00:00,32284,Procurement
PO-00232,Approve,2026-01-11T09:15:00+00:00,32284,Finance
PO-00232,Pay,2026-01-12T10:30:00+00:00,32284,AP
PO-00233,Create,2026-01-10T17:00:00+00:00,32421,Procurement
PO-00233,Approve,2026-01-11T11:15:00+00:00,32421,Finance
PO-00233,Pay,2026-01-12T12:30:00+00:00,32421,AP
PO-00234,Create,2026-01-10T18:00:00+00:00,32558,Procurement
PO-00234,Approve,2026-01-11T13:15:00+00:00,32558,Finance
PO-00234,Pay,2026-01-12T14:30:00+00:00,32558,AP
PO-00235,Create,2026-01-10T19:00:00+00:00,32695,Procurement
PO-00235,Approve,2026-01-11T15:15:00+00:00,32695,Finance
PO-00235,Pay,2026-01-12T16:30:00+00:00,32695,AP
PO-00236,Create,2026-01-10T20:00:00+00:00,32832,Procurement
PO-00236,Approve,2026-01-11T17:15:00+00:00,32832,Finance
PO-00236,Pay,2026-01-12T18:30:00+00:00,32832,AP
PO-00237,Create,2026-01-10T21:00:00+00:00,32969,Procurement
PO-00237,Approve,2026-01-11T19:15:00+00:00,32969,Finance
PO-00237,Pay,2026-01-12T20:30:00+00:00,32969,AP
PO-00238,Create,2026-01-10T22:00:00+00:00,33106,Procurement
PO-00238,Approve,2026-01-11T21:15:00+00:00,33106,Finance
PO-00238,Approve,2026-01-11T21:30:00+00:00,33106,AP
PO-00238,Pay,2026-01-12T22:45:00+00:00,33106,Finance
PO-00239,Create,2026-01-10T23:00:00+00:00,33243,Procurement
PO-00239,Approve,2026-01-11T23:15:00+00:00,33243,Finance
PO-00239,Pay,2026-01-13T00:30:00+00:00,33243,AP
PO-00240,Create,2026-01-01T00:00:00+00:00,33380,Procurement
PO-00240,Approve,2026-01-01T01:15:00+00:00,33380,Finance
PO-00240,Pay,2026-01-01T02:30:00+00:00,33380,AP
PO-00241,Create,2026-01-01T01:00:00+00:00,33517,Procurement
PO-00241,Approve,2026-01-01T03:15:00+00:00,33517,Finance
PO-00241,Pay,2026-01-01T04:30:00+00:00,33517,AP
PO-00242,Create,2026-01-01T02:00:00+00:00,33654,Procurement
PO-00242,Approve,2026-01-01T05:15:00+00:00,33654,Finance
PO-00242,Pay,2026-01-01T06:30:00+00:00,33654,AP
PO-00243,Create,2026-01-01T03:00:00+00:00,33791,Procurement
PO-00243,Approve,2026-01-01T07:15:00+00:00,33791,Finance
PO-00243,Pay,2026-01-01T08:30:00+00:00,33791,AP
PO-00244,Create,2026-01-01T04:00:00+00:00,33928,Procurement
PO-00244,Approve,2026-01-01T09:15:00+00:00,33928,Finance
PO-00244,Pay,2026-01-01T10:30:00+00:00,33928,AP
PO-00245,Create,2026-01-01T05:00:00+00:00,34065,Procurement
PO-00245,Approve,2026-01-01T11:15:00+00:00,34065,Finance
PO-00245,Approve,2026-01-01T11:30:00+00:00,34065,AP
PO-00245,Pay,2026-01-01T12:45:00+00:00,34065,Finance
PO-00246,Create,2026-01-01T06:00:00+00:00,34202,Procurement
PO-00246,Approve,2026-01-01T13:15:00+00:00,34202,Finance
PO-00246,Pay,2026-01-01T14:30:00+00:00,34202,AP
PO-00247,Create,2026-01-01T07:00:00+00:00,34339,Procurement
PO-00247,Approve,2026-01-01T15:15:00+00:00,34339,Finance
PO-00247,Pay,2026-01-01T16:30:00+00:00,34339,AP
PO-00248,Create,2026-01-01T08:00:00+00:00,34476,Procurement
PO-00248,Approve,2026-01-01T17:15:00+00:00,34476,Finance
PO-00248,Pay,2026-01-01T18:30:00+00:00,34476,AP
PO-00249,Create,2026-01-01T09:00:00+00:00,34613,Procurement
PO-00249,Approve,2026-01-01T19:15:00+00:00,34613,Finance
PO-00249,Pay,2026-01-01T20:30:00+00:00,34613,AP
PO-00250,Create,2026-01-01T10:00:00+00:00,34750,Procurement
PO-00250,Approve,2026-01-01T21:15:00+00:00,34750,Finance
PO-00250,Pay,2026-01-01T22:30:00+00:00,34750,AP
PO-00251,Create,2026-01-01T11:00:00+00:00,34887,Procurement
PO-00251,Approve,2026-01-01T23:15:00+00:00,34887,Finance
PO-00251,Pay,2026-01-02T00:30:00+00:00,34887,AP
PO-00252,Create,2026-01-01T12:00:00+00:00,35024,Procurement
PO-00252,Approve,2026-01-02T01:15:00+00:00,35024,Finance
PO-00252,Approve,2026-01-02T01:30:00+00:00,35024,AP
PO-00252,Pay,2026-01-02T02:45:00+00:00,35024,Finance
PO-00253,Create,2026-01-01T13:00:00+00:00,35161,Procurement
PO-00253,Approve,2026-01-02T03:15:00+00:00,35161,Finance
PO-00253,Pay,2026-01-02T04:30:00+00:00,35161,AP
PO-00254,Create,2026-01-01T14:00:00+00:00,35298,Procurement
PO-00254,Approve,2026-01-02T05:15:00+00:00,35298,Finance
PO-00254,Pay,2026-01-02T06:30:00+00:00,35298,AP
PO-00255,Create,2026-01-01T15:00:00+00:00,35435,Procurement
PO-00255,Approve,2026-01-02T07:15:00+00:00,35435,Finance
PO-00255,Pay,2026-01-02T08:30:00+00:00,35435,AP
PO-00256,Create,2026-01-01T16:00:00+00:00,35572,Procurement
PO-00256,Approve,2026-01-02T09:15:00+00:00,35572,Finance
PO-00256,Pay,2026-01-02T10:30:00+00:00,35572,AP
PO-00257,Create,2026-01-01T17:00:00+00:00,35709,Procurement
PO-00257,Approve,2026-01-02T11:15:00+00:00,35709,Finance
PO-00257,Pay,2026-01-02T12:30:00+00:00,35709,AP
PO-00258,Create,2026-01-01T18:00:00+00:00,35846,Procurement
PO-00258,Approve,2026-01-02T13:15:00+00:00,35846,Finance
PO-00258,Pay,2026-01-02T14:30:00+00:00,35846,AP
PO-00259,Create,2026-01-01T19:00:00+00:00,35983,Procurement
PO-00259,Approve,2026-01-02T15:15:00+00:00,35983,Finance
PO-00259,Approve,2026-01-02T15:30:00+00:00,35983,AP
PO-00259,Pay,2026-01-02T16:45:00+00:00,35983,Finance
PO-00260,Create,2026-01-01T20:00:00+00:00,36120,Procurement
PO-00260,Approve,2026-01-02T17:15:00+00:00,36120,Finance
PO-00260,Pay,2026-01-02T18:30:00+00:00,36120,AP
PO-00261,Create,2026-01-01T21:00:00+00:00,36257,Procurement
PO-00261,Approve,2026-01-02T19:15:00+00:00,36257,Finance
PO-00261,Pay,2026-01-02T20:30:00+00:00,36257,AP
PO-00262,Create,2026-01-01T22:00:00+00:00,36394,Procurement
PO-00262,Approve,2026-01-02T21:15:00+00:00,36394,Finance
PO-00262,Pay,2026-01-02T22:30:00+00:00,36394,AP
PO-00263,Create,2026-01-01T23:00:00+00:00,36531,Procurement
PO-00263,Approve,2026-01-02T23:15:00+00:00,36531,Finance
PO-00263,Pay,2026-01-03T00:30:00+00:00,36531,AP
PO-00264,Create,2026-01-02T00:00:00+00:00,36668,Procurement
PO-00264,Approve,2026-01-02T01:15:00+00:00,36668,Finance
PO-00264,Pay,2026-01-03T02:30:00+00:00,36668,AP
PO-00265,Create,2026-01-02T01:00:00+00:00,36805,Procurement
PO-00265,Approve,2026-01-02T03:15:00+00:00,36805,Finance
PO-00265,Pay,2026-01-03T04:30:00+00:00,36805,AP
PO-00266,Create,2026-01-02T02:00:00+00:00,36942,Procurement
PO-00266,Approve,2026-01-02T05:15:00+00:00,36942,Finance
PO-00266,Approve,2026-01-02T05:30:00+00:00,36942,AP
PO-00266,Pay,2026-01-03T06:45:00+00:00,36942,Finance
PO-00267,Create,2026-01-02T03:00:00+00:00,37079,Procurement
PO-00267,Approve,2026-01-02T07:15:00+00:00,37079,Finance
PO-00267,Pay,2026-01-03T08:30:00+00:00,37079,AP
PO-00268,Create,2026-01-02T04:00:00+00:00,37216,Procurement
PO-00268,Approve,2026-01-02T09:15:00+00:00,37216,Finance
PO-00268,Pay,2026-01-03T10:30:00+00:00,37216,AP
PO-00269,Create,2026-01-02T05:00:00+00:00,37353,Procurement
PO-00269,Approve,2026-01-02T11:15:00+00:00,37353,Finance
PO-00269,Pay,2026-01-03T12:30:00+00:00,37353,AP
PO-00270,Create,2026-01-02T06:00:00+00:00,37490,Procurement
PO-00270,Approve,2026-01-02T13:15:00+00:00,37490,Finance
PO-00270,Pay,2026-01-03T14:30:00+00:00,37490,AP
PO-00271,Create,2026-01-02T07:00:00+00:00,37627,Procurement
PO-00271,Approve,2026-01-02T15:15:00+00:00,37627,Finance
PO-00271,Pay,2026-01-03T16:30:00+00:00,37627,AP
PO-00272,Create,2026-01-02T08:00:00+00:00,37764,Procurement
PO-00272,Approve,2026-01-02T17:15:00+00:00,37764,Finance
PO-00272,Pay,2026-01-03T18:30:00+00:00,37764,AP
PO-00273,Create,2026-01-02T09:00:00+00:00,37901,Procurement
PO-00273,Approve,2026-01-02T19:15:00+00:00,37901,Finance
PO-00273,Approve,2026-01-02T19:30:00+00:00,37901,AP
PO-00273,Pay,2026-01-03T20:45:00+00:00,37901,Finance
PO-00274,Create,2026-01-02T10:00:00+00:00,38038,Procurement
PO-00274,Approve,2026-01-02T21:15:00+00:00,38038,Finance
PO-00274,Pay,2026-01-03T22:30:00+00:00,38038,AP
PO-00275,Create,2026-01-02T11:00:00+00:00,38175,Procurement
PO-00275,Approve,2026-01-02T23:15:00+00:00,38175,Finance
PO-00275,Pay,2026-01-04T00:30:00+00:00,38175,AP
PO-00276,Create,2026-01-02T12:00:00+00:00,38312,Procurement
PO-00276,Approve,2026-01-03T01:15:00+00:00,38312,Finance
PO-00276,Pay,2026-01-04T02:30:00+00:00,38312,AP
PO-00277,Create,2026-01-02T13:00:00+00:00,38449,Procurement
PO-00277,Approve,2026-01-03T03:15:00+00:00,38449,Finance
PO-00277,Pay,2026-01-04T04:30:00+00:00,38449,AP
PO-00278,Create,2026-01-02T14:00:00+00:00,38586,Procurement
PO-00278,Approve,2026-01-03T05:15:00+00:00,38586,Finance
PO-00278,Pay,2026-01-04T06:30:00+00:00,38586,AP
PO-00279,Create,2026-01-02T15:00:00+00:00,38723,Procurement
PO-00279,Approve,2026-01-03T07:15:00+00:00,38723,Finance
PO-00279,Pay,2026-01-04T08:30:00+00:00,38723,AP
PO-00280,Create,2026-01-02T16:00:00+00:00,38860,Procurement
PO-00280,Approve,2026-01-03T09:15:00+00:00,38860,Finance
PO-00280,Approve,2026-01-03T09:30:00+00:00,38860,AP
PO-00280,Pay,2026-01-04T10:45:00+00:00,38860,Finance
PO-00281,Create,2026-01-02T17:00:00+00:00,38997,Procurement
PO-00281,Approve,2026-01-03T11:15:00+00:00,38997,Finance
PO-00281,Pay,2026-01-04T12:30:00+00:00,38997,AP
PO-00282,Create,2026-01-02T18:00:00+00:00,39134,Procurement
PO-00282,Approve,2026-01-03T13:15:00+00:00,39134,Finance
PO-00282,Pay,2026-01-04T14:30:00+00:00,39134,AP
PO-00283,Create,2026-01-02T19:00:00+00:00,39271,Procurement
PO-00283,Approve,2026-01-03T15:15:00+00:00,39271,Finance
PO-00283,Pay,2026-01-04T16:30:00+00:00,39271,AP
PO-00284,Create,2026-01-02T20:00:00+00:00,39408,Procurement
PO-00284,Approve,2026-01-03T17:15:00+00:00,39408,Finance
PO-00284,Pay,2026-01-04T18:30:00+00:00,39408,AP
PO-00285,Create,2026-01-02T21:00:00+00:00,39545,Procurement
PO-00285,Approve,2026-01-03T19:15:00+00:00,39545,Finance
PO-00285,Pay,2026-01-04T20:30:00+00:00,39545,AP
PO-00286,Create,2026-01-02T22:00:00+00:00,39682,Procurement
PO-00286,Approve,2026-01-03T21:15:00+00:00,39682,Finance
PO-00286,Pay,2026-01-04T22:30:00+00:00,39682,AP
PO-00287,Create,2026-01-02T23:00:00+00:00,39819,Procurement
PO-00287,Approve,2026-01-03T23:15:00+00:00,39819,Finance
PO-00287,Approve,2026-01-03T23:30:00+00:00,39819,AP
PO-00287,Pay,2026-01-05T00:45:00+00:00,39819,Finance
PO-00288,Create,2026-01-03T00:00:00+00:00,39956,Procurement
PO-00288,Approve,2026-01-03T01:15:00+00:00,39956,Finance
PO-00288,Pay,2026-01-03T02:30:00+00:00,39956,AP
PO-00289,Create,2026-01-03T01:00:00+00:00,40093,Procurement
PO-00289,Approve,2026-01-03T03:15:00+00:00,40093,Finance
PO-00289,Pay,2026-01-03T04:30:00+00:00,40093,AP
PO-00290,Create,2026-01-03T02:00:00+00:00,40230,Procurement
PO-00290,Approve,2026-01-03T05:15:00+00:00,40230,Finance
PO-00290,Pay,2026-01-03T06:30:00+00:00,40230,AP
PO-00291,Create,2026-01-03T03:00:00+00:00,40367,Procurement
PO-00291,Approve,2026-01-03T07:15:00+00:00,40367,Finance
PO-00291,Pay,2026-01-03T08:30:00+00:00,40367,AP
PO-00292,Create,2026-01-03T04:00:00+00:00,40504,Procurement
PO-00292,Approve,2026-01-03T09:15:00+00:00,40504,Finance
PO-00292,Pay,2026-01-03T10:30:00+00:00,40504,AP
PO-00293,Create,2026-01-03T05:00:00+00:00,40641,Procurement
PO-00293,Approve,2026-01-03T11:15:00+00:00,40641,Finance
PO-00293,Pay,2026-01-03T12:30:00+00:00,40641,AP
PO-00294,Create,2026-01-03T06:00:00+00:00,40778,Procurement
PO-00294,Approve,2026-01-03T13:15:00+00:00,40778,Finance
PO-00294,Approve,2026-01-03T13:30:00+00:00,40778,AP
PO-00294,Pay,2026-01-03T14:45:00+00:00,40778,Finance
PO-00295,Create,2026-01-03T07:00:00+00:00,40915,Procurement
PO-00295,Approve,2026-01-03T15:15:00+00:00,40915,Finance
PO-00295,Pay,2026-01-03T16:30:00+00:00,40915,AP
PO-00296,Create,2026-01-03T08:00:00+00:00,41052,Procurement
PO-00296,Approve,2026-01-03T17:15:00+00:00,41052,Finance
PO-00296,Pay,2026-01-03T18:30:00+00:00,41052,AP
PO-00297,Create,2026-01-03T09:00:00+00:00,41189,Procurement
PO-00297,Approve,2026-01-03T19:15:00+00:00,41189,Finance
PO-00297,Pay,2026-01-03T20:30:00+00:00,41189,AP
PO-00298,Create,2026-01-03T10:00:00+00:00,41326,Procurement
PO-00298,Approve,2026-01-03T21:15:00+00:00,41326,Finance
PO-00298,Pay,2026-01-03T22:30:00+00:00,41326,AP
PO-00299,Create,2026-01-03T11:00:00+00:00,41463,Procurement
PO-00299,Approve,2026-01-03T23:15:00+00:00,41463,Finance
PO-00299,Pay,2026-01-04T00:30:00+00:00,41463,AP
PO-00300,Create,2026-01-03T12:00:00+00:00,41600,Procurement
PO-00300,Approve,2026-01-04T01:15:00+00:00,41600,Finance
PO-00300,Pay,2026-01-04T02:30:00+00:00,41600,AP
PO-00301,Create,2026-01-03T13:00:00+00:00,41737,Procurement
PO-00301,Approve,2026-01-04T03:15:00+00:00,41737,Finance
PO-00301,Approve,2026-01-04T03:30:00+00:00,41737,AP
PO-00301,Pay,2026-01-04T04:45:00+00:00,41737,Finance
PO-00302,Create,2026-01-03T14:00:00+00:00,41874,Procurement
PO-00302,Approve,2026-01-04T05:15:00+00:00,41874,Finance
PO-00302,Pay,2026-01-04T06:30:00+00:00,41874,AP
PO-00303,Create,2026-01-03T15:00:00+00:00,42011,Procurement
PO-00303,Approve,2026-01-04T07:15:00+00:00,42011,Finance
PO-00303,Pay,2026-01-04T08:30:00+00:00,42011,AP
PO-00304,Create,2026-01-03T16:00:00+00:00,42148,Procurement
PO-00304,Approve,2026-01-04T09:15:00+00:00,42148,Finance
PO-00304,Pay,2026-01-04T10:30:00+00:00,42148,AP
PO-00305,Create,2026-01-03T17:00:00+00:00,42285,Procurement
PO-00305,Approve,2026-01-04T11:15:00+00:00,42285,Finance
PO-00305,Pay,2026-01-04T12:30:00+00:00,42285,AP
PO-00306,Create,2026-01-03T18:00:00+00:00,42422,Procurement
PO-00306,Approve,2026-01-04T13:15:00+00:00,42422,Finance
PO-00306,Pay,2026-01-04T14:30:00+00:00,42422,AP
PO-00307,Create,2026-01-03T19:00:00+00:00,42559,Procurement
PO-00307,Approve,2026-01-04T15:15:00+00:00,42559,Finance
PO-00307,Pay,2026-01-04T16:30:00+00:00,42559,AP
PO-00308,Create,2026-01-03T20:00:00+00:00,42696,Procurement
PO-00308,Approve,2026-01-04T17:15:00+00:00,42696,Finance
PO-00308,Approve,2026-01-04T17:30:00+00:00,42696,AP
PO-00308,Pay,2026-01-04T18:45:00+00:00,42696,Finance
PO-00309,Create,2026-01-03T21:00:00+00:00,42833,Procurement
PO-00309,Approve,2026-01-04T19:15:00+00:00,42833,Finance
PO-00309,Pay,2026-01-04T20:30:00+00:00,42833,AP
PO-00310,Create,2026-01-03T22:00:00+00:00,42970,Procurement
PO-00310,Approve,2026-01-04T21:15:00+00:00,42970,Finance
PO-00310,Pay,2026-01-04T22:30:00+00:00,42970,AP
PO-00311,Create,2026-01-03T23:00:00+00:00,43107,Procurement
PO-00311,Approve,2026-01-04T23:15:00+00:00,43107,Finance
PO-00311,Pay,2026-01-05T00:30:00+00:00,43107,AP
PO-00312,Create,2026-01-04T00:00:00+00:00,43244,Procurement
PO-00312,Approve,2026-01-04T01:15:00+00:00,43244,Finance
PO-00312,Pay,2026-01-05T02:30:00+00:00,43244,AP
PO-00313,Create,2026-01-04T01:00:00+00:00,43381,Procurement
PO-00313,Approve,2026-01-04T03:15:00+00:00,43381,Finance
PO-00313,Pay,2026-01-05T04:30:00+00:00,43381,AP
PO-00314,Create,2026-01-04T02:00:00+00:00,43518,Procurement
PO-00314,Approve,2026-01-04T05:15:00+00:00,43518,Finance
PO-00314,Pay,2026-01-05T06:30:00+00:00,43518,AP
PO-00315,Create,2026-01-04T03:00:00+00:00,43655,Procurement
PO-00315,Approve,2026-01-04T07:15:00+00:00,43655,Finance
PO-00315,Approve,2026-01-04T07:30:00+00:00,43655,AP
PO-00315,Pay,2026-01-05T08:45:00+00:00,43655,Finance
PO-00316,Create,2026-01-04T04:00:00+00:00,43792,Procurement
PO-00316,Approve,2026-01-04T09:15:00+00:00,43792,Finance
PO-00316,Pay,2026-01-05T10:30:00+00:00,43792,AP
PO-00317,Create,2026-01-04T05:00:00+00:00,43929,Procurement
PO-00317,Approve,2026-01-04T11:15:00+00:00,43929,Finance
PO-00317,Pay,2026-01-05T12:30:00+00:00,43929,AP
PO-00318,Create,2026-01-04T06:00:00+00:00,44066,Procurement
PO-00318,Approve,2026-01-04T13:15:00+00:00,44066,Finance
PO-00318,Pay,2026-01-05T14:30:00+00:00,44066,AP
PO-00319,Create,2026-01-04T07:00:00+00:00,44203,Procurement
PO-00319,Approve,2026-01-04T15:15:00+00:00,44203,Finance
PO-00319,Pay,2026-01-05T16:30:00+00:00,44203,AP
PO-00320,Create,2026-01-04T08:00:00+00:00,44340,Procurement
PO-00320,Approve,2026-01-04T17:15:00+00:00,44340,Finance
PO-00320,Pay,2026-01-05T18:30:00+00:00,44340,AP
PO-00321,Create,2026-01-04T09:00:00+00:00,44477,Procurement
PO-00321,Approve,2026-01-04T19:15:00+00:00,44477,Finance
PO-00321,Pay,2026-01-05T20:30:00+00:00,44477,AP
PO-00322,Create,2026-01-04T10:00:00+00:00,44614,Procurement
PO-00322,Approve,2026-01-04T21:15:00+00:00,44614,Finance
PO-00322,Approve,2026-01-04T21:30:00+00:00,44614,AP
PO-00322,Pay,2026-01-05T22:45:00+00:00,44614,Finance
PO-00323,Create,2026-01-04T11:00:00+00:00,44751,Procurement
PO-00323,Approve,2026-01-04T23:15:00+00:00,44751,Finance
PO-00323,Pay,2026-01-06T00:30:00+00:00,44751,AP
PO-00324,Create,2026-01-04T12:00:00+00:00,44888,Procurement
PO-00324,Approve,2026-01-05T01:15:00+00:00,44888,Finance
PO-00324,Pay,2026-01-06T02:30:00+00:00,44888,AP
PO-00325,Create,2026-01-04T13:00:00+00:00,45025,Procurement
PO-00325,Approve,2026-01-05T03:15:00+00:00,45025,Finance
PO-00325,Pay,2026-01-06T04:30:00+00:00,45025,AP
PO-00326,Create,2026-01-04T14:00:00+00:00,45162,Procurement
PO-00326,Approve,2026-01-05T05:15:00+00:00,45162,Finance
PO-00326,Pay,2026-01-06T06:30:00+00:00,45162,AP
PO-00327,Create,2026-01-04T15:00:00+00:00,45299,Procurement
PO-00327,Approve,2026-01-05T07:15:00+00:00,45299,Finance
PO-00327,Pay,2026-01-06T08:30:00+00:00,45299,AP
PO-00328,Create,2026-01-04T16:00:00+00:00,45436,Procurement
PO-00328,Approve,2026-01-05T09:15:00+00:00,45436,Finance
PO-00328,Pay,2026-01-06T10:30:00+00:00,45436,AP
PO-00329,Create,2026-01-04T17:00:00+00:00,45573,Procurement
PO-00329,Approve,2026-01-05T11:15:00+00:00,45573,Finance
PO-00329,Approve,2026-01-05T11:30:00+00:00,45573,AP
PO-00329,Pay,2026-01-06T12:45:00+00:00,45573,Finance
PO-00330,Create,2026-01-04T18:00:00+00:00,45710,Procurement
PO-00330,Approve,2026-01-05T13:15:00+00:00,45710,Finance
PO-00330,Pay,2026-01-06T14:30:00+00:00,45710,AP
PO-00331,Create,2026-01-04T19:00:00+00:00,45847,Procurement
PO-00331,Approve,2026-01-05T15:15:00+00:00,45847,Finance
PO-00331,Pay,2026-01-06T16:30:00+00:00,45847,AP
PO-00332,Create,2026-01-04T20:00:00+00:00,45984,Procurement
PO-00332,Approve,2026-01-05T17:15:00+00:00,45984,Finance
PO-00332,Pay,2026-01-06T18:30:00+00:00,45984,AP
PO-00333,Create,2026-01-04T21:00:00+00:00,46121,Procurement
PO-00333,Approve,2026-01-05T19:15:00+00:00,46121,Finance
PO-00333,Pay,2026-01-06T20:30:00+00:00,46121,AP
PO-00334,Create,2026-01-04T22:00:00+00:00,46258,Procurement
PO-00334,Approve,2026-01-05T21:15:00+00:00,46258,Finance
PO-00334,Pay,2026-01-06T22:30:00+00:00,46258,AP
PO-00335,Create,2026-01-04T23:00:00+00:00,46395,Procurement
PO-00335,Approve,2026-01-05T23:15:00+00:00,46395,Finance
PO-00335,Pay,2026-01-07T00:30:00+00:00,46395,AP
PO-00336,Create,2026-01-05T00:00:00+00:00,46532,Procurement
PO-00336,Approve,2026-01-05T01:15:00+00:00,46532,Finance
PO-00336,Approve,2026-01-05T01:30:00+00:00,46532,AP
PO-00336,Pay,2026-01-05T02:45:00+00:00,46532,Finance
PO-00337,Create,2026-01-05T01:00:00+00:00,46669,Procurement
PO-00337,Approve,2026-01-05T03:15:00+00:00,46669,Finance
PO-00337,Pay,2026-01-05T04:30:00+00:00,46669,AP
PO-00338,Create,2026-01-05T02:00:00+00:00,46806,Procurement
PO-00338,Approve,2026-01-05T05:15:00+00:00,46806,Finance
PO-00338,Pay,2026-01-05T06:30:00+00:00,46806,AP
PO-00339,Create,2026-01-05T03:00:00+00:00,46943,Procurement
PO-00339,Approve,2026-01-05T07:15:00+00:00,46943,Finance
PO-00339,Pay,2026-01-05T08:30:00+00:00,46943,AP
PO-00340,Create,2026-01-05T04:00:00+00:00,47080,Procurement
PO-00340,Approve,2026-01-05T09:15:00+00:00,47080,Finance
PO-00340,Pay,2026-01-05T10:30:00+00:00,47080,AP
PO-00341,Create,2026-01-05T05:00:00+00:00,47217,Procurement
PO-00341,Approve,2026-01-05T11:15:00+00:00,47217,Finance
PO-00341,Pay,2026-01-05T12:30:00+00:00,47217,AP
PO-00342,Create,2026-01-05T06:00:00+00:00,47354,Procurement
PO-00342,Approve,2026-01-05T13:15:00+00:00,47354,Finance
PO-00342,Pay,2026-01-05T14:30:00+00:00,47354,AP
PO-00343,Create,2026-01-05T07:00:00+00:00,47491,Procurement
PO-00343,Approve,2026-01-05T15:15:00+00:00,47491,Finance
PO-00343,Approve,2026-01-05T15:30:00+00:00,47491,AP
PO-00343,Pay,2026-01-05T16:45:00+00:00,47491,Finance
PO-00344,Create,2026-01-05T08:00:00+00:00,47628,Procurement
PO-00344,Approve,2026-01-05T17:15:00+00:00,47628,Finance
PO-00344,Pay,2026-01-05T18:30:00+00:00,47628,AP
PO-00345,Create,2026-01-05T09:00:00+00:00,47765,Procurement
PO-00345,Approve,2026-01-05T19:15:00+00:00,47765,Finance
PO-00345,Pay,2026-01-05T20:30:00+00:00,47765,AP
PO-00346,Create,2026-01-05T10:00:00+00:00,47902,Procurement
PO-00346,Approve,2026-01-05T21:15:00+00:00,47902,Finance
PO-00346,Pay,2026-01-05T22:30:00+00:00,47902,AP
PO-00347,Create,2026-01-05T11:00:00+00:00,48039,Procurement
PO-00347,Approve,2026-01-05T23:15:00+00:00,48039,Finance
PO-00347,Pay,2026-01-06T00:30:00+00:00,48039,AP
PO-00348,Create,2026-01-05T12:00:00+00:00,48176,Procurement
PO-00348,Approve,2026-01-06T01:15:00+00:00,48176,Finance
PO-00348,Pay,2026-01-06T02:30:00+00:00,48176,AP
PO-00349,Create,2026-01-05T13:00:00+00:00,48313,Procurement
PO-00349,Approve,2026-01-06T03:15:00+00:00,48313,Finance
PO-00349,Pay,2026-01-06T04:30:00+00:00,48313,AP
PO-00350,Create,2026-01-05T14:00:00+00:00,48450,Procurement
PO-00350,Approve,2026-01-06T05:15:00+00:00,48450,Finance
PO-00350,Approve,2026-01-06T05:30:00+00:00,48450,AP
PO-00350,Pay,2026-01-06T06:45:00+00:00,48450,Finance
PO-00351,Create,2026-01-05T15:00:00+00:00,48587,Procurement
PO-00351,Approve,2026-01-06T07:15:00+00:00,48587,Finance
PO-00351,Pay,2026-01-06T08:30:00+00:00,48587,AP
PO-00352,Create,2026-01-05T16:00:00+00:00,48724,Procurement
PO-00352,Approve,2026-01-06T09:15:00+00:00,48724,Finance
PO-00352,Pay,2026-01-06T10:30:00+00:00,48724,AP
PO-00353,Create,2026-01-05T17:00:00+00:00,48861,Procurement
PO-00353,Approve,2026-01-06T11:15:00+00:00,48861,Finance
PO-00353,Pay,2026-01-06T12:30:00+00:00,48861,AP
PO-00354,Create,2026-01-05T18:00:00+00:00,48998,Procurement
PO-00354,Approve,2026-01-06T13:15:00+00:00,48998,Finance
PO-00354,Pay,2026-01-06T14:30:00+00:00,48998,AP
PO-00355,Create,2026-01-05T19:00:00+00:00,49135,Procurement
PO-00355,Approve,2026-01-06T15:15:00+00:00,49135,Finance
PO-00355,Pay,2026-01-06T16:30:00+00:00,49135,AP
PO-00356,Create,2026-01-05T20:00:00+00:00,49272,Procurement
PO-00356,Approve,2026-01-06T17:15:00+00:00,49272,Finance
PO-00356,Pay,2026-01-06T18:30:00+00:00,49272,AP
PO-00357,Create,2026-01-05T21:00:00+00:00,49409,Procurement
PO-00357,Approve,2026-01-06T19:15:00+00:00,49409,Finance
PO-00357,Approve,2026-01-06T19:30:00+00:00,49409,AP
PO-00357,Pay,2026-01-06T20:45:00+00:00,49409,Finance
PO-00358,Create,2026-01-05T22:00:00+00:00,49546,Procurement
PO-00358,Approve,2026-01-06T21:15:00+00:00,49546,Finance
PO-00358,Pay,2026-01-06T22:30:00+00:00,49546,AP
PO-00359,Create,2026-01-05T23:00:00+00:00,49683,Procurement
PO-00359,Approve,2026-01-06T23:15:00+00:00,49683,Finance
PO-00359,Pay,2026-01-07T00:30:00+00:00,49683,AP
PO-00360,Create,2026-01-06T00:00:00+00:00,49820,Procurement
PO-00360,Approve,2026-01-06T01:15:00+00:00,49820,Finance
PO-00360,Pay,2026-01-07T02:30:00+00:00,49820,AP
PO-00361,Create,2026-01-06T01:00:00+00:00,49957,Procurement
PO-00361,Approve,2026-01-06T03:15:00+00:00,49957,Finance
PO-00361,Pay,2026-01-07T04:30:00+00:00,49957,AP
PO-00362,Create,2026-01-06T02:00:00+00:00,50094,Procurement
PO-00362,Approve,2026-01-06T05:15:00+00:00,50094,Finance
PO-00362,Pay,2026-01-07T06:30:00+00:00,50094,AP
PO-00363,Create,2026-01-06T03:00:00+00:00,50231,Procurement
PO-00363,Approve,2026-01-06T07:15:00+00:00,50231,Finance
PO-00363,Pay,2026-01-07T08:30:00+00:00,50231,AP
PO-00364,Create,2026-01-06T04:00:00+00:00,50368,Procurement
PO-00364,Approve,2026-01-06T09:15:00+00:00,50368,Finance
PO-00364,Approve,2026-01-06T09:30:00+00:00,50368,AP
PO-00364,Pay,2026-01-07T10:45:00+00:00,50368,Finance
PO-00365,Create,2026-01-06T05:00:00+00:00,505,Procurement
PO-00365,Approve,2026-01-06T11:15:00+00:00,505,Finance
PO-00365,Pay,2026-01-07T12:30:00+00:00,505,AP
PO-00366,Create,2026-01-06T06:00:00+00:00,642,Procurement
PO-00366,Approve,2026-01-06T13:15:00+00:00,642,Finance
PO-00366,Pay,2026-01-07T14:30:00+00:00,642,AP
PO-00367,Create,2026-01-06T07:00:00+00:00,779,Procurement
PO-00367,Approve,2026-01-06T15:15:00+00:00,779,Finance
PO-00367,Pay,2026-01-07T16:30:00+00:00,779,AP
PO-00368,Create,2026-01-06T08:00:00+00:00,916,Procurement
PO-00368,Approve,2026-01-06T17:15:00+00:00,916,Finance
PO-00368,Pay,2026-01-07T18:30:00+00:00,916,AP
PO-00369,Create,2026-01-06T09:00:00+00:00,1053,Procurement
PO-00369,Approve,2026-01-06T19:15:00+00:00,1053,Finance
PO-00369,Pay,2026-01-07T20:30:00+00:00,1053,AP
PO-00370,Create,2026-01-06T10:00:00+00:00,1190,Procurement
PO-00370,Approve,2026-01-06T21:15:00+00:00,1190,Finance
PO-00370,Pay,2026-01-07T22:30:00+00:00,1190,AP
PO-00371,Create,2026-01-06T11:00:00+00:00,1327,Procurement
PO-00371,Approve,2026-01-06T23:15:00+00:00,1327,Finance
PO-00371,Approve,2026-01-06T23:30:00+00:00,1327,AP
PO-00371,Pay,2026-01-08T00:45:00+00:00,1327,Finance
PO-00372,Create,2026-01-06T12:00:00+00:00,1464,Procurement
PO-00372,Approve,2026-01-07T01:15:00+00:00,1464,Finance
PO-00372,Pay,2026-01-08T02:30:00+00:00,1464,AP
PO-00373,Create,2026-01-06T13:00:00+00:00,1601,Procurement
PO-00373,Approve,2026-01-07T03:15:00+00:00,1601,Finance
PO-00373,Pay,2026-01-08T04:30:00+00:00,1601,AP
PO-00374,Create,2026-01-06T14:00:00+00:00,1738,Procurement
PO-00374,Approve,2026-01-07T05:15:00+00:00,1738,Finance
PO-00374,Pay,2026-01-08T06:30:00+00:00,1738,AP
PO-00375,Create,2026-01-06T15:00:00+00:00,1875,Procurement
PO-00375,Approve,2026-01-07T07:15:00+00:00,1875,Finance
PO-00375,Pay,2026-01-08T08:30:00+00:00,1875,AP
PO-00376,Create,2026-01-06T16:00:00+00:00,2012,Procurement
PO-00376,Approve,2026-01-07T09:15:00+00:00,2012,Finance
PO-00376,Pay,2026-01-08T10:30:00+00:00,2012,AP
PO-00377,Create,2026-01-06T17:00:00+00:00,2149,Procurement
PO-00377,Approve,2026-01-07T11:15:00+00:00,2149,Finance
PO-00377,Pay,2026-01-08T12:30:00+00:00,2149,AP
PO-00378,Create,2026-01-06T18:00:00+00:00,2286,Procurement
PO-00378,Approve,2026-01-07T13:15:00+00:00,2286,Finance
PO-00378,Approve,2026-01-07T13:30:00+00:00,2286,AP
PO-00378,Pay,2026-01-08T14:45:00+00:00,2286,Finance
PO-00379,Create,2026-01-06T19:00:00+00:00,2423,Procurement
PO-00379,Approve,2026-01-07T15:15:00+00:00,2423,Finance
PO-00379,Pay,2026-01-08T16:30:00+00:00,2423,AP
PO-00380,Create,2026-01-06T20:00:00+00:00,2560,Procurement
PO-00380,Approve,2026-01-07T17:15:00+00:00,2560,Finance
PO-00380,Pay,2026-01-08T18:30:00+00:00,2560,AP
PO-00381,Create,2026-01-06T21:00:00+00:00,2697,Procurement
PO-00381,Approve,2026-01-07T19:15:00+00:00,2697,Finance
PO-00381,Pay,2026-01-08T20:30:00+00:00,2697,AP
PO-00382,Create,2026-01-06T22:00:00+00:00,2834,Procurement
PO-00382,Approve,2026-01-07T21:15:00+00:00,2834,Finance
PO-00382,Pay,2026-01-08T22:30:00+00:00,2834,AP
PO-00383,Create,2026-01-06T23:00:00+00:00,2971,Procurement
PO-00383,Approve,2026-01-07T23:15:00+00:00,2971,Finance
PO-00383,Pay,2026-01-09T00:30:00+00:00,2971,AP
PO-00384,Create,2026-01-07T00:00:00+00:00,3108,Procurement
PO-00384,Approve,2026-01-07T01:15:00+00:00,3108,Finance
PO-00384,Pay,2026-01-07T02:30:00+00:00,3108,AP
PO-00385,Create,2026-01-07T01:00:00+00:00,3245,Procurement
PO-00385,Approve,2026-01-07T03:15:00+00:00,3245,Finance
PO-00385,Approve,2026-01-07T03:30:00+00:00,3245,AP
PO-00385,Pay,2026-01-07T04:45:00+00:00,3245,Finance
PO-00386,Create,2026-01-07T02:00:00+00:00,3382,Procurement
PO-00386,Approve,2026-01-07T05:15:00+00:00,3382,Finance
PO-00386,Pay,2026-01-07T06:30:00+00:00,3382,AP
PO-00387,Create,2026-01-07T03:00:00+00:00,3519,Procurement
PO-00387,Approve,2026-01-07T07:15:00+00:00,3519,Finance
PO-00387,Pay,2026-01-07T08:30:00+00:00,3519,AP
PO-00388,Create,2026-01-07T04:00:00+00:00,3656,Procurement
PO-00388,Approve,2026-01-07T09:15:00+00:00,3656,Finance
PO-00388,Pay,2026-01-07T10:30:00+00:00,3656,AP
PO-00389,Create,2026-01-07T05:00:00+00:00,3793,Procurement
PO-00389,Approve,2026-01-07T11:15:00+00:00,3793,Finance
PO-00389,Pay,2026-01-07T12:30:00+00:00,3793,AP
PO-00390,Create,2026-01-07T06:00:00+00:00,3930,Procurement
PO-00390,Approve,2026-01-07T13:15:00+00:00,3930,Finance
PO-00390,Pay,2026-01-07T14:30:00+00:00,3930,AP
PO-00391,Create,2026-01-07T07:00:00+00:00,4067,Procurement
PO-00391,Approve,2026-01-07T15:15:00+00:00,4067,Finance
PO-00391,Pay,2026-01-07T16:30:00+00:00,4067,AP
PO-00392,Create,2026-01-07T08:00:00+00:00,4204,Procurement
PO-00392,Approve,2026-01-07T17:15:00+00:00,4204,Finance
PO-00392,Approve,2026-01-07T17:30:00+00:00,4204,AP
PO-00392,Pay,2026-01-07T18:45:00+00:00,4204,Finance
PO-00393,Create,2026-01-07T09:00:00+00:00,4341,Procurement
PO-00393,Approve,2026-01-07T19:15:00+00:00,4341,Finance
PO-00393,Pay,2026-01-07T20:30:00+00:00,4341,AP
PO-00394,Create,2026-01-07T10:00:00+00:00,4478,Procurement
PO-00394,Approve,2026-01-07T21:15:00+00:00,4478,Finance
PO-00394,Pay,2026-01-07T22:30:00+00:00,4478,AP
PO-00395,Create,2026-01-07T11:00:00+00:00,4615,Procurement
PO-00395,Approve,2026-01-07T23:15:00+00:00,4615,Finance
PO-00395,Pay,2026-01-08T00:30:00+00:00,4615,AP
PO-00396,Create,2026-01-07T12:00:00+00:00,4752,Procurement
PO-00396,Approve,2026-01-08T01:15:00+00:00,4752,Finance
PO-00396,Pay,2026-01-08T02:30:00+00:00,4752,AP
PO-00397,Create,2026-01-07T13:00:00+00:00,4889,Procurement
PO-00397,Approve,2026-01-08T03:15:00+00:00,4889,Finance
PO-00397,Pay,2026-01-08T04:30:00+00:00,4889,AP
PO-00398,Create,2026-01-07T14:00:00+00:00,5026,Procurement
PO-00398,Approve,2026-01-08T05:15:00+00:00,5026,Finance
PO-00398,Pay,2026-01-08T06:30:00+00:00,5026,AP
PO-00399,Create,2026-01-07T15:00:00+00:00,5163,Procurement
PO-00399,Approve,2026-01-08T07:15:00+00:00,5163,Finance
PO-00399,Approve,2026-01-08T07:30:00+00:00,5163,AP
PO-00399,Pay,2026-01-08T08:45:00+00:00,5163,Finance
PO-00400,Create,2026-01-07T16:00:00+00:00,5300,Procurement
PO-00400,Approve,2026-01-08T09:15:00+00:00,5300,Finance
PO-00400,Pay,2026-01-08T10:30:00+00:00,5300,AP
PO-00401,Create,2026-01-07T17:00:00+00:00,5437,Procurement
PO-00401,Approve,2026-01-08T11:15:00+00:00,5437,Finance
PO-00401,Pay,2026-01-08T12:30:00+00:00,5437,AP
PO-00402,Create,2026-01-07T18:00:00+00:00,5574,Procurement
PO-00402,Approve,2026-01-08T13:15:00+00:00,5574,Finance
PO-00402,Pay,2026-01-08T14:30:00+00:00,5574,AP
PO-00403,Create,2026-01-07T19:00:00+00:00,5711,Procurement
PO-00403,Approve,2026-01-08T15:15:00+00:00,5711,Finance
PO-00403,Pay,2026-01-08T16:30:00+00:00,5711,AP
PO-00404,Create,2026-01-07T20:00:00+00:00,5848,Procurement
PO-00404,Approve,2026-01-08T17:15:00+00:00,5848,Finance
PO-00404,Pay,2026-01-08T18:30:00+00:00,5848,AP
PO-00405,Create,2026-01-07T21:00:00+00:00,5985,Procurement
PO-00405,Approve,2026-01-08T19:15:00+00:00,5985,Finance
PO-00405,Pay,2026-01-08T20:30:00+00:00,5985,AP
PO-00406,Create,2026-01-07T22:00:00+00:00,6122,Procurement
PO-00406,Approve,2026-01-08T21:15:00+00:00,6122,Finance
PO-00406,Approve,2026-01-08T21:30:00+00:00,6122,AP
PO-00406,Pay,2026-01-08T22:45:00+00:00,6122,Finance
PO-00407,Create,2026-01-07T23:00:00+00:00,6259,Procurement
PO-00407,Approve,2026-01-08T23:15:00+00:00,6259,Finance
PO-00407,Pay,2026-01-09T00:30:00+00:00,6259,AP
PO-00408,Create,2026-01-08T00:00:00+00:00,6396,Procurement
PO-00408,Approve,2026-01-08T01:15:00+00:00,6396,Finance
PO-00408,Pay,2026-01-09T02:30:00+00:00,6396,AP
PO-00409,Create,2026-01-08T01:00:00+00:00,6533,Procurement
PO-00409,Approve,2026-01-08T03:15:00+00:00,6533,Finance
PO-00409,Pay,2026-01-09T04:30:00+00:00,6533,AP
PO-00410,Create,2026-01-08T02:00:00+00:00,6670,Procurement
PO-00410,Approve,2026-01-08T05:15:00+00:00,6670,Finance
PO-00410,Pay,2026-01-09T06:30:00+00:00,6670,AP
PO-00411,Create,2026-01-08T03:00:00+00:00,6807,Procurement
PO-00411,Approve,2026-01-08T07:15:00+00:00,6807,Finance
PO-00411,Pay,2026-01-09T08:30:00+00:00,6807,AP
PO-00412,Create,2026-01-08T04:00:00+00:00,6944,Procurement
PO-00412,Approve,2026-01-08T09:15:00+00:00,6944,Finance
PO-00412,Pay,2026-01-09T10:30:00+00:00,6944,AP
PO-00413,Create,2026-01-08T05:00:00+00:00,7081,Procurement
PO-00413,Approve,2026-01-08T11:15:00+00:00,7081,Finance
PO-00413,Approve,2026-01-08T11:30:00+00:00,7081,AP
PO-00413,Pay,2026-01-09T12:45:00+00:00,7081,Finance
PO-00414,Create,2026-01-08T06:00:00+00:00,7218,Procurement
PO-00414,Approve,2026-01-08T13:15:00+00:00,7218,Finance
PO-00414,Pay,2026-01-09T14:30:00+00:00,7218,AP
PO-00415,Create,2026-01-08T07:00:00+00:00,7355,Procurement
PO-00415,Approve,2026-01-08T15:15:00+00:00,7355,Finance
PO-00415,Pay,2026-01-09T16:30:00+00:00,7355,AP
PO-00416,Create,2026-01-08T08:00:00+00:00,7492,Procurement
PO-00416,Approve,2026-01-08T17:15:00+00:00,7492,Finance
PO-00416,Pay,2026-01-09T18:30:00+00:00,7492,AP
PO-00417,Create,2026-01-08T09:00:00+00:00,7629,Procurement
PO-00417,Approve,2026-01-08T19:15:00+00:00,7629,Finance
PO-00417,Pay,2026-01-09T20:30:00+00:00,7629,AP
PO-00418,Create,2026-01-08T10:00:00+00:00,7766,Procurement
PO-00418,Approve,2026-01-08T21:15:00+00:00,7766,Finance
PO-00418,Pay,2026-01-09T22:30:00+00:00,7766,AP
PO-00419,Create,2026-01-08T11:00:00+00:00,7903,Procurement
PO-00419,Approve,2026-01-08T23:15:00+00:00,7903,Finance
PO-00419,Pay,2026-01-10T00:30:00+00:00,7903,AP
PO-00420,Create,2026-01-08T12:00:00+00:00,8040,Procurement
PO-00420,Approve,2026-01-09T01:15:00+00:00,8040,Finance
PO-00420,Approve,2026-01-09T01:30:00+00:00,8040,AP
PO-00420,Pay,2026-01-10T02:45:00+00:00,8040,Finance
PO-00421,Create,2026-01-08T13:00:00+00:00,8177,Procurement
PO-00421,Approve,2026-01-09T03:15:00+00:00,8177,Finance
PO-00421,Pay,2026-01-10T04:30:00+00:00,8177,AP
PO-00422,Create,2026-01-08T14:00:00+00:00,8314,Procurement
PO-00422,Approve,2026-01-09T05:15:00+00:00,8314,Finance
PO-00422,Pay,2026-01-10T06:30:00+00:00,8314,AP
PO-00423,Create,2026-01-08T15:00:00+00:00,8451,Procurement
PO-00423,Approve,2026-01-09T07:15:00+00:00,8451,Finance
PO-00423,Pay,2026-01-10T08:30:00+00:00,8451,AP
PO-00424,Create,2026-01-08T16:00:00+00:00,8588,Procurement
PO-00424,Approve,2026-01-09T09:15:00+00:00,8588,Finance
PO-00424,Pay,2026-01-10T10:30:00+00:00,8588,AP
PO-00425,Create,2026-01-08T17:00:00+00:00,8725,Procurement
PO-00425,Approve,2026-01-09T11:15:00+00:00,8725,Finance
PO-00425,Pay,2026-01-10T12:30:00+00:00,8725,AP
PO-00426,Create,2026-01-08T18:00:00+00:00,8862,Procurement
PO-00426,Approve,2026-01-09T13:15:00+00:00,8862,Finance
PO-00426,Pay,2026-01-10T14:30:00+00:00,8862,AP
PO-00427,Create,2026-01-08T19:00:00+00:00,8999,Procurement
PO-00427,Approve,2026-01-09T15:15:00+00:00,8999,Finance
PO-00427,Approve,2026-01-09T15:30:00+00:00,8999,AP
PO-00427,Pay,2026-01-10T16:45:00+00:00,8999,Finance
PO-00428,Create,2026-01-08T20:00:00+00:00,9136,Procurement
PO-00428,Approve,2026-01-09T17:15:00+00:00,9136,Finance
PO-00428,Pay,2026-01-10T18:30:00+00:00,9136,AP
PO-00429,Create,2026-01-08T21:00:00+00:00,9273,Procurement
PO-00429,Approve,2026-01-09T19:15:00+00:00,9273,Finance
PO-00429,Pay,2026-01-10T20:30:00+00:00,9273,AP
PO-00430,Create,2026-01-08T22:00:00+00:00,9410,Procurement
PO-00430,Approve,2026-01-09T21:15:00+00:00,9410,Finance
PO-00430,Pay,2026-01-10T22:30:00+00:00,9410,AP
PO-00431,Create,2026-01-08T23:00:00+00:00,9547,Procurement
PO-00431,Approve,2026-01-09T23:15:00+00:00,9547,Finance
PO-00431,Pay,2026-01-11T00:30:00+00:00,9547,AP
PO-00432,Create,2026-01-09T00:00:00+00:00,9684,Procurement
PO-00432,Approve,2026-01-09T01:15:00+00:00,9684,Finance
PO-00432,Pay,2026-01-09T02:30:00+00:00,9684,AP
PO-00433,Create,2026-01-09T01:00:00+00:00,9821,Procurement
PO-00433,Approve,2026-01-09T03:15:00+00:00,9821,Finance
PO-00433,Pay,2026-01-09T04:30:00+00:00,9821,AP
PO-00434,Create,2026-01-09T02:00:00+00:00,9958,Procurement
PO-00434,Approve,2026-01-09T05:15:00+00:00,9958,Finance
PO-00434,Approve,2026-01-09T05:30:00+00:00,9958,AP
PO-00434,Pay,2026-01-09T06:45:00+00:00,9958,Finance
PO-00435,Create,2026-01-09T03:00:00+00:00,10095,Procurement
PO-00435,Approve,2026-01-09T07:15:00+00:00,10095,Finance
PO-00435,Pay,2026-01-09T08:30:00+00:00,10095,AP
PO-00436,Create,2026-01-09T04:00:00+00:00,10232,Procurement
PO-00436,Approve,2026-01-09T09:15:00+00:00,10232,Finance
PO-00436,Pay,2026-01-09T10:30:00+00:00,10232,AP
PO-00437,Create,2026-01-09T05:00:00+00:00,10369,Procurement
PO-00437,Approve,2026-01-09T11:15:00+00:00,10369,Finance
PO-00437,Pay,2026-01-09T12:30:00+00:00,10369,AP
PO-00438,Create,2026-01-09T06:00:00+00:00,10506,Procurement
PO-00438,Approve,2026-01-09T13:15:00+00:00,10506,Finance
PO-00438,Pay,2026-01-09T14:30:00+00:00,10506,AP
PO-00439,Create,2026-01-09T07:00:00+00:00,10643,Procurement
PO-00439,Approve,2026-01-09T15:15:00+00:00,10643,Finance
PO-00439,Pay,2026-01-09T16:30:00+00:00,10643,AP
PO-00440,Create,2026-01-09T08:00:00+00:00,10780,Procurement
PO-00440,Approve,2026-01-09T17:15:00+00:00,10780,Finance
PO-00440,Pay,2026-01-09T18:30:00+00:00,10780,AP
PO-00441,Create,2026-01-09T09:00:00+00:00,10917,Procurement
PO-00441,Approve,2026-01-09T19:15:00+00:00,10917,Finance
PO-00441,Approve,2026-01-09T19:30:00+00:00,10917,AP
PO-00441,Pay,2026-01-09T20:45:00+00:00,10917,Finance
PO-00442,Create,2026-01-09T10:00:00+00:00,11054,Procurement
PO-00442,Approve,2026-01-09T21:15:00+00:00,11054,Finance
PO-00442,Pay,2026-01-09T22:30:00+00:00,11054,AP
PO-00443,Create,2026-01-09T11:00:00+00:00,11191,Procurement
PO-00443,Approve,2026-01-09T23:15:00+00:00,11191,Finance
PO-00443,Pay,2026-01-10T00:30:00+00:00,11191,AP
PO-00444,Create,2026-01-09T12:00:00+00:00,11328,Procurement
PO-00444,Approve,2026-01-10T01:15:00+00:00,11328,Finance
PO-00444,Pay,2026-01-10T02:30:00+00:00,11328,AP
PO-00445,Create,2026-01-09T13:00:00+00:00,11465,Procurement
PO-00445,Approve,2026-01-10T03:15:00+00:00,11465,Finance
PO-00445,Pay,2026-01-10T04:30:00+00:00,11465,AP
PO-00446,Create,2026-01-09T14:00:00+00:00,11602,Procurement
PO-00446,Approve,2026-01-10T05:15:00+00:00,11602,Finance
PO-00446,Pay,2026-01-10T06:30:00+00:00,11602,AP
PO-00447,Create,2026-01-09T15:00:00+00:00,11739,Procurement
PO-00447,Approve,2026-01-10T07:15:00+00:00,11739,Finance
PO-00447,Pay,2026-01-10T08:30:00+00:00,11739,AP
PO-00448,Create,2026-01-09T16:00:00+00:00,11876,Procurement
PO-00448,Approve,2026-01-10T09:15:00+00:00,11876,Finance
PO-00448,Approve,2026-01-10T09:30:00+00:00,11876,AP
PO-00448,Pay,2026-01-10T10:45:00+00:00,11876,Finance
PO-00449,Create,2026-01-09T17:00:00+00:00,12013,Procurement
PO-00449,Approve,2026-01-10T11:15:00+00:00,12013,Finance
PO-00449,Pay,2026-01-10T12:30:00+00:00,12013,AP
PO-00450,Create,2026-01-09T18:00:00+00:00,12150,Procurement
PO-00450,Approve,2026-01-10T13:15:00+00:00,12150,Finance
PO-00450,Pay,2026-01-10T14:30:00+00:00,12150,AP
PO-00451,Create,2026-01-09T19:00:00+00:00,12287,Procurement
PO-00451,Approve,2026-01-10T15:15:00+00:00,12287,Finance
PO-00451,Pay,2026-01-10T16:30:00+00:00,12287,AP
PO-00452,Create,2026-01-09T20:00:00+00:00,12424,Procurement
PO-00452,Approve,2026-01-10T17:15:00+00:00,12424,Finance
PO-00452,Pay,2026-01-10T18:30:00+00:00,12424,AP
PO-00453,Create,2026-01-09T21:00:00+00:00,12561,Procurement
PO-00453,Approve,2026-01-10T19:15:00+00:00,12561,Finance
PO-00453,Pay,2026-01-10T20:30:00+00:00,12561,AP
PO-00454,Create,2026-01-09T22:00:00+00:00,12698,Procurement
PO-00454,Approve,2026-01-10T21:15:00+00:00,12698,Finance
PO-00454,Pay,2026-01-10T22:30:00+00:00,12698,AP
PO-00455,Create,2026-01-09T23:00:00+00:00,12835,Procurement
PO-00455,Approve,2026-01-10T23:15:00+00:00,12835,Finance
PO-00455,Approve,2026-01-10T23:30:00+00:00,12835,AP
PO-00455,Pay,2026-01-11T00:45:00+00:00,12835,Finance
PO-00456,Create,2026-01-10T00:00:00+00:00,12972,Procurement
PO-00456,Approve,2026-01-10T01:15:00+00:00,12972,Finance
PO-00456,Pay,2026-01-11T02:30:00+00:00,12972,AP
PO-00457,Create,2026-01-10T01:00:00+00:00,13109,Procurement
PO-00457,Approve,2026-01-10T03:15:00+00:00,13109,Finance
PO-00457,Pay,2026-01-11T04:30:00+00:00,13109,AP
PO-00458,Create,2026-01-10T02:00:00+00:00,13246,Procurement
PO-00458,Approve,2026-01-10T05:15:00+00:00,13246,Finance
PO-00458,Pay,2026-01-11T06:30:00+00:00,13246,AP
PO-00459,Create,2026-01-10T03:00:00+00:00,13383,Procurement
PO-00459,Approve,2026-01-10T07:15:00+00:00,13383,Finance
PO-00459,Pay,2026-01-11T08:30:00+00:00,13383,AP
PO-00460,Create,2026-01-10T04:00:00+00:00,13520,Procurement
PO-00460,Approve,2026-01-10T09:15:00+00:00,13520,Finance
PO-00460,Pay,2026-01-11T10:30:00+00:00,13520,AP
PO-00461,Create,2026-01-10T05:00:00+00:00,13657,Procurement
PO-00461,Approve,2026-01-10T11:15:00+00:00,13657,Finance
PO-00461,Pay,2026-01-11T12:30:00+00:00,13657,AP
PO-00462,Create,2026-01-10T06:00:00+00:00,13794,Procurement
PO-00462,Approve,2026-01-10T13:15:00+00:00,13794,Finance
PO-00462,Approve,2026-01-10T13:30:00+00:00,13794,AP
PO-00462,Pay,2026-01-11T14:45:00+00:00,13794,Finance
PO-00463,Create,2026-01-10T07:00:00+00:00,13931,Procurement
PO-00463,Approve,2026-01-10T15:15:00+00:00,13931,Finance
PO-00463,Pay,2026-01-11T16:30:00+00:00,13931,AP
PO-00464,Create,2026-01-10T08:00:00+00:00,14068,Procurement
PO-00464,Approve,2026-01-10T17:15:00+00:00,14068,Finance
PO-00464,Pay,2026-01-11T18:30:00+00:00,14068,AP
PO-00465,Create,2026-01-10T09:00:00+00:00,14205,Procurement
PO-00465,Approve,2026-01-10T19:15:00+00:00,14205,Finance
PO-00465,Pay,2026-01-11T20:30:00+00:00,14205,AP
PO-00466,Create,2026-01-10T10:00:00+00:00,14342,Procurement
PO-00466,Approve,2026-01-10T21:15:00+00:00,14342,Finance
PO-00466,Pay,2026-01-11T22:30:00+00:00,14342,AP
PO-00467,Create,2026-01-10T11:00:00+00:00,14479,Procurement
PO-00467,Approve,2026-01-10T23:15:00+00:00,14479,Finance
PO-00467,Pay,2026-01-12T00:30:00+00:00,14479,AP
PO-00468,Create,2026-01-10T12:00:00+00:00,14616,Procurement
PO-00468,Approve,2026-01-11T01:15:00+00:00,14616,Finance
PO-00468,Pay,2026-01-12T02:30:00+00:00,14616,AP
PO-00469,Create,2026-01-10T13:00:00+00:00,14753,Procurement
PO-00469,Approve,2026-01-11T03:15:00+00:00,14753,Finance
PO-00469,Approve,2026-01-11T03:30:00+00:00,14753,AP
PO-00469,Pay,2026-01-12T04:45:00+00:00,14753,Finance
PO-00470,Create,2026-01-10T14:00:00+00:00,14890,Procurement
PO-00470,Approve,2026-01-11T05:15:00+00:00,14890,Finance
PO-00470,Pay,2026-01-12T06:30:00+00:00,14890,AP
PO-00471,Create,2026-01-10T15:00:00+00:00,15027,Procurement
PO-00471,Approve,2026-01-11T07:15:00+00:00,15027,Finance
PO-00471,Pay,2026-01-12T08:30:00+00:00,15027,AP
PO-00472,Create,2026-01-10T16:00:00+00:00,15164,Procurement
PO-00472,Approve,2026-01-11T09:15:00+00:00,15164,Finance
PO-00472,Pay,2026-01-12T10:30:00+00:00,15164,AP
PO-00473,Create,2026-01-10T17:00:00+00:00,15301,Procurement
PO-00473,Approve,2026-01-11T11:15:00+00:00,15301,Finance
PO-00473,Pay,2026-01-12T12:30:00+00:00,15301,AP
PO-00474,Create,2026-01-10T18:00:00+00:00,15438,Procurement
PO-00474,Approve,2026-01-11T13:15:00+00:00,15438,Finance
PO-00474,Pay,2026-01-12T14:30:00+00:00,15438,AP
PO-00475,Create,2026-01-10T19:00:00+00:00,15575,Procurement
PO-00475,Approve,2026-01-11T15:15:00+00:00,15575,Finance
PO-00475,Pay,2026-01-12T16:30:00+00:00,15575,AP
PO-00476,Create,2026-01-10T20:00:00+00:00,15712,Procurement
PO-00476,Approve,2026-01-11T17:15:00+00:00,15712,Finance
PO-00476,Approve,2026-01-11T17:30:00+00:00,15712,AP
PO-00476,Pay,2026-01-12T18:45:00+00:00,15712,Finance
PO-00477,Create,2026-01-10T21:00:00+00:00,15849,Procurement
PO-00477,Approve,2026-01-11T19:15:00+00:00,15849,Finance
PO-00477,Pay,2026-01-12T20:30:00+00:00,15849,AP
PO-00478,Create,2026-01-10T22:00:00+00:00,15986,Procurement
PO-00478,Approve,2026-01-11T21:15:00+00:00,15986,Finance
PO-00478,Pay,2026-01-12T22:30:00+00:00,15986,AP
PO-00479,Create,2026-01-10T23:00:00+00:00,16123,Procurement
PO-00479,Approve,2026-01-11T23:15:00+00:00,16123,Finance
PO-00479,Pay,2026-01-13T00:30:00+00:00,16123,AP
PO-00480,Create,2026-01-01T00:00:00+00:00,16260,Procurement
PO-00480,Approve,2026-01-01T01:15:00+00:00,16260,Finance
PO-00480,Pay,2026-01-01T02:30:00+00:00,16260,AP
PO-00481,Create,2026-01-01T01:00:00+00:00,16397,Procurement
PO-00481,Approve,2026-01-01T03:15:00+00:00,16397,Finance
PO-00481,Pay,2026-01-01T04:30:00+00:00,16397,AP
PO-00482,Create,2026-01-01T02:00:00+00:00,16534,Procurement
PO-00482,Approve,2026-01-01T05:15:00+00:00,16534,Finance
PO-00482,Pay,2026-01-01T06:30:00+00:00,16534,AP
PO-00483,Create,2026-01-01T03:00:00+00:00,16671,Procurement
PO-00483,Approve,2026-01-01T07:15:00+00:00,16671,Finance
PO-00483,Approve,2026-01-01T07:30:00+00:00,16671,AP
PO-00483,Pay,2026-01-01T08:45:00+00:00,16671,Finance
PO-00484,Create,2026-01-01T04:00:00+00:00,16808,Procurement
PO-00484,Approve,2026-01-01T09:15:00+00:00,16808,Finance
PO-00484,Pay,2026-01-01T10:30:00+00:00,16808,AP
PO-00485,Create,2026-01-01T05:00:00+00:00,16945,Procurement
PO-00485,Approve,2026-01-01T11:15:00+00:00,16945,Finance
PO-00485,Pay,2026-01-01T12:30:00+00:00,16945,AP
PO-00486,Create,2026-01-01T06:00:00+00:00,17082,Procurement
PO-00486,Approve,2026-01-01T13:15:00+00:00,17082,Finance
PO-00486,Pay,2026-01-01T14:30:00+00:00,17082,AP
PO-00487,Create,2026-01-01T07:00:00+00:00,17219,Procurement
PO-00487,Approve,2026-01-01T15:15:00+00:00,17219,Finance
PO-00487,Pay,2026-01-01T16:30:00+00:00,17219,AP
PO-00488,Create,2026-01-01T08:00:00+00:00,17356,Procurement
PO-00488,Approve,2026-01-01T17:15:00+00:00,17356,Finance
PO-00488,Pay,2026-01-01T18:30:00+00:00,17356,AP
PO-00489,Create,2026-01-01T09:00:00+00:00,17493,Procurement
PO-00489,Approve,2026-01-01T19:15:00+00:00,17493,Finance
PO-00489,Pay,2026-01-01T20:30:00+00:00,17493,AP
PO-00490,Create,2026-01-01T10:00:00+00:00,17630,Procurement
PO-00490,Approve,2026-01-01T21:15:00+00:00,17630,Finance
PO-00490,Approve,2026-01-01T21:30:00+00:00,17630,AP
PO-00490,Pay,2026-01-01T22:45:00+00:00,17630,Finance
PO-00491,Create,2026-01-01T11:00:00+00:00,17767,Procurement
PO-00491,Approve,2026-01-01T23:15:00+00:00,17767,Finance
PO-00491,Pay,2026-01-02T00:30:00+00:00,17767,AP
PO-00492,Create,2026-01-01T12:00:00+00:00,17904,Procurement
PO-00492,Approve,2026-01-02T01:15:00+00:00,17904,Finance
PO-00492,Pay,2026-01-02T02:30:00+00:00,17904,AP
PO-00493,Create,2026-01-01T13:00:00+00:00,18041,Procurement
PO-00493,Approve,2026-01-02T03:15:00+00:00,18041,Finance
PO-00493,Pay,2026-01-02T04:30:00+00:00,18041,AP
PO-00494,Create,2026-01-01T14:00:00+00:00,18178,Procurement
PO-00494,Approve,2026-01-02T05:15:00+00:00,18178,Finance
PO-00494,Pay,2026-01-02T06:30:00+00:00,18178,AP
PO-00495,Create,2026-01-01T15:00:00+00:00,18315,Procurement
PO-00495,Approve,2026-01-02T07:15:00+00:00,18315,Finance
PO-00495,Pay,2026-01-02T08:30:00+00:00,18315,AP
PO-00496,Create,2026-01-01T16:00:00+00:00,18452,Procurement
PO-00496,Approve,2026-01-02T09:15:00+00:00,18452,Finance
PO-00496,Pay,2026-01-02T10:30:00+00:00,18452,AP
PO-00497,Create,2026-01-01T17:00:00+00:00,18589,Procurement
PO-00497,Approve,2026-01-02T11:15:00+00:00,18589,Finance
PO-00497,Approve,2026-01-02T11:30:00+00:00,18589,AP
PO-00497,Pay,2026-01-02T12:45:00+00:00,18589,Finance
PO-00498,Create,2026-01-01T18:00:00+00:00,18726,Procurement
PO-00498,Approve,2026-01-02T13:15:00+00:00,18726,Finance
PO-00498,Pay,2026-01-02T14:30:00+00:00,18726,AP
PO-00499,Create,2026-01-01T19:00:00+00:00,18863,Procurement
PO-00499,Approve,2026-01-02T15:15:00+00:00,18863,Finance
PO-00499,Pay,2026-01-02T16:30:00+00:00,18863,AP
PO-00500,Create,2026-01-01T20:00:00+00:00,19000,Procurement
PO-00500,Approve,2026-01-02T17:15:00+00:00,19000,Finance
PO-00500,Pay,2026-01-02T18:30:00+00:00,19000,AP
